-- phpMyAdmin SQL Dump
-- version 4.6.5.2
-- https://www.phpmyadmin.net/
--
-- Хост: 127.0.0.1:3306
-- Время создания: Авг 04 2019 г., 21:35
-- Версия сервера: 5.5.53-log
-- Версия PHP: 5.6.29

SET SQL_MODE = "NO_AUTO_VALUE_ON_ZERO";
SET time_zone = "+00:00";


/*!40101 SET @OLD_CHARACTER_SET_CLIENT=@@CHARACTER_SET_CLIENT */;
/*!40101 SET @OLD_CHARACTER_SET_RESULTS=@@CHARACTER_SET_RESULTS */;
/*!40101 SET @OLD_COLLATION_CONNECTION=@@COLLATION_CONNECTION */;
/*!40101 SET NAMES utf8mb4 */;

--
-- База данных: `stenography`
--

-- --------------------------------------------------------

--
-- Структура таблицы `images`
--

CREATE TABLE `images` (
  `id` int(11) NOT NULL,
  `id_term` int(11) NOT NULL,
  `file` varchar(100) NOT NULL,
  `status` tinyint(2) NOT NULL DEFAULT '1'
) ENGINE=MyISAM DEFAULT CHARSET=utf8;

--
-- Дамп данных таблицы `images`
--

INSERT INTO `images` (`id`, `id_term`, `file`, `status`) VALUES
(1, 1, '1.jpg', 1),
(2, 2, '2.jpg', 1),
(3, 3, '3.jpg', 1),
(4, 4, '4.jpg', 1),
(5, 5, '5.jpg', 1),
(6, 6, '6.jpg', 1),
(7, 7, '7.jpg', 1),
(8, 8, '8.jpg', 1),
(9, 9, '9.jpg', 1),
(10, 10, '10.jpg', 1),
(11, 11, '11.jpg', 1),
(12, 12, '12.jpg', 1),
(13, 13, '13.jpg', 1),
(14, 14, '14.jpg', 1),
(15, 15, '15.jpg', 1),
(16, 16, '16.jpg', 1),
(17, 17, '17.jpg', 1),
(18, 18, '18.jpg', 1),
(19, 19, '19.jpg', 1),
(20, 20, '20.jpg', 1),
(21, 21, '21.jpg', 1),
(22, 22, '22.jpg', 1),
(23, 23, '23.jpg', 1),
(24, 24, '24.jpg', 1),
(25, 25, '25.jpg', 1),
(26, 26, '26.jpg', 1),
(27, 27, '27.jpg', 1),
(28, 28, '28.jpg', 1),
(29, 29, '29.jpg', 1),
(30, 30, '30.jpg', 1),
(31, 31, '31.jpg', 1),
(32, 32, '32.jpg', 1),
(33, 33, '33.jpg', 1),
(34, 34, '34.jpg', 1),
(35, 35, '35.jpg', 1),
(36, 36, '36.jpg', 1),
(37, 37, '37.jpg', 1),
(38, 38, '38.jpg', 1),
(39, 39, '39.jpg', 1),
(40, 40, '40.jpg', 1),
(41, 3, '41.jpg', 1),
(42, 41, '42.jpg', 1),
(43, 42, '43.jpg', 1),
(44, 43, '44.jpg', 1),
(45, 44, '45.jpg', 1),
(46, 45, '46.jpg', 1),
(47, 46, '47.jpg', 1),
(48, 47, '48.jpg', 1),
(49, 48, '49.jpg', 1),
(50, 49, '50.jpg', 1),
(51, 50, '51.jpg', 1),
(52, 51, '52.jpg', 1),
(53, 52, '53.jpg', 1),
(54, 53, '54.jpg', 1),
(55, 54, '55.jpg', 1),
(56, 55, '56.jpg', 1),
(57, 56, '57.jpg', 1),
(58, 57, '58.jpg', 1),
(59, 58, '59.jpg', 1),
(60, 59, '60.jpg', 1),
(61, 60, '61.jpg', 1),
(62, 61, '62.jpg', 1),
(63, 62, '63.jpg', 1),
(64, 63, '64.jpg', 1),
(65, 64, '65.jpg', 1),
(66, 65, '66.jpg', 1),
(67, 66, '67.jpg', 1),
(68, 67, '68.jpg', 1),
(69, 68, '69.jpg', 1),
(70, 69, '70.jpg', 1),
(71, 70, '71.jpg', 1),
(72, 71, '72.jpg', 1),
(73, 72, '73.jpg', 1),
(74, 73, '74.jpg', 1),
(75, 74, '75.jpg', 1),
(76, 75, '76.jpg', 1),
(77, 76, '77.jpg', 1),
(78, 77, '78.jpg', 1),
(79, 78, '79.jpg', 1),
(80, 79, '80.jpg', 1),
(81, 80, '81.jpg', 1),
(82, 81, '82.jpg', 1),
(83, 82, '83.jpg', 1),
(84, 83, '84.jpg', 1),
(85, 84, '85.jpg', 1),
(86, 85, '86.jpg', 1),
(87, 86, '87.jpg', 1),
(88, 87, '88.jpg', 1),
(89, 88, '89.jpg', 1),
(90, 89, '90.jpg', 1),
(91, 90, '91.jpg', 1),
(92, 91, '92.jpg', 1),
(93, 92, '93.jpg', 1),
(94, 93, '94.jpg', 1),
(95, 94, '95.jpg', 1),
(96, 95, '96.jpg', 1),
(97, 96, '97.jpg', 1),
(98, 97, '98.jpg', 1),
(99, 98, '99.jpg', 1),
(100, 99, '100.jpg', 1),
(101, 100, '101.jpg', 1),
(102, 101, '102.jpg', 1),
(103, 102, '103.jpg', 1),
(104, 103, '104.jpg', 1),
(105, 104, '105.jpg', 1),
(106, 105, '106.jpg', 1),
(107, 106, '107.jpg', 1),
(108, 107, '108.jpg', 1),
(109, 108, '109.jpg', 1),
(110, 109, '110.jpg', 1),
(111, 110, '111.jpg', 1),
(112, 111, '112.jpg', 1),
(113, 112, '113.jpg', 1),
(114, 113, '114.jpg', 1),
(115, 114, '115.jpg', 1),
(116, 115, '116.jpg', 1),
(117, 116, '117.jpg', 1),
(118, 117, '118.jpg', 1),
(119, 118, '119.jpg', 1),
(120, 119, '120.jpg', 1),
(121, 120, '121.jpg', 1),
(122, 121, '122.jpg', 1),
(123, 122, '123.jpg', 1),
(124, 123, '124.jpg', 1),
(125, 124, '125.jpg', 1),
(126, 125, '126.jpg', 1),
(127, 126, '127.jpg', 1),
(128, 127, '128.jpg', 1),
(129, 128, '129.jpg', 1),
(130, 129, '130.jpg', 1),
(131, 130, '131.jpg', 1),
(132, 131, '132.jpg', 1),
(133, 132, '133.jpg', 1),
(134, 133, '134.jpg', 1),
(135, 134, '135.jpg', 1),
(136, 135, '136.jpg', 1),
(137, 136, '137.jpg', 1),
(138, 137, '138.jpg', 1),
(139, 138, '139.jpg', 1),
(140, 139, '140.jpg', 1),
(141, 140, '141.jpg', 1),
(142, 141, '142.jpg', 1),
(143, 142, '143.jpg', 1),
(144, 143, '144.jpg', 1),
(145, 144, '145.jpg', 1),
(146, 145, '146.jpg', 1),
(147, 146, '147.jpg', 1),
(148, 147, '148.jpg', 1),
(149, 148, '149.jpg', 1),
(150, 149, '150.jpg', 1),
(151, 150, '151.jpg', 1),
(152, 151, '152.jpg', 1),
(153, 152, '153.jpg', 1),
(154, 153, '154.jpg', 1),
(155, 154, '155.jpg', 1),
(156, 155, '156.jpg', 1),
(157, 156, '157.jpg', 1),
(158, 157, '158.jpg', 1),
(159, 158, '159.jpg', 1),
(160, 159, '160.jpg', 1),
(161, 160, '161.jpg', 1),
(162, 161, '162.jpg', 1),
(163, 162, '163.jpg', 1),
(164, 163, '164.jpg', 1),
(165, 164, '165.jpg', 1),
(166, 165, '166.jpg', 1),
(167, 166, '167.jpg', 1),
(168, 167, '168.jpg', 1),
(169, 168, '169.jpg', 1),
(170, 169, '170.jpg', 1),
(171, 170, '171.jpg', 1),
(172, 171, '172.jpg', 1),
(173, 172, '173.jpg', 1),
(174, 173, '174.jpg', 1),
(175, 174, '175.jpg', 1),
(176, 175, '176.jpg', 1),
(177, 176, '177.jpg', 1),
(178, 90, '178.jpg', 1),
(179, 177, '179.jpg', 1),
(180, 178, '180.jpg', 1),
(181, 179, '181.jpg', 1),
(182, 180, '182.jpg', 1),
(183, 181, '183.jpg', 1),
(184, 182, '184.jpg', 1),
(185, 183, '185.jpg', 1),
(186, 184, '186.jpg', 1),
(187, 185, '187.jpg', 1),
(188, 186, '188.jpg', 1),
(189, 187, '189.jpg', 1),
(190, 188, '190.jpg', 1),
(191, 101, '191.jpg', 1),
(192, 189, '192.jpg', 1),
(193, 190, '193.jpg', 1),
(194, 191, '194.jpg', 1),
(195, 192, '195.jpg', 1),
(196, 107, '196.jpg', 1),
(197, 193, '197.jpg', 1),
(198, 194, '198.jpg', 1),
(199, 195, '199.jpg', 1),
(200, 196, '200.jpg', 1),
(201, 197, '201.jpg', 1),
(202, 198, '202.jpg', 1),
(203, 199, '203.jpg', 1),
(204, 134, '204.jpg', 1),
(205, 200, '205.jpg', 1),
(206, 201, '206.jpg', 1),
(207, 202, '207.jpg', 1),
(208, 203, '208.jpg', 1),
(209, 204, '209.jpg', 1),
(210, 205, '210.jpg', 1),
(211, 206, '211.jpg', 1),
(212, 207, '212.jpg', 1),
(213, 208, '213.jpg', 1),
(214, 209, '214.jpg', 1),
(215, 210, '215.jpg', 1),
(216, 211, '216.jpg', 1),
(217, 212, '217.jpg', 1),
(218, 213, '218.jpg', 1),
(219, 214, '219.jpg', 1),
(220, 215, '220.jpg', 1),
(221, 216, '221.jpg', 1),
(222, 217, '222.jpg', 1),
(223, 218, '223.jpg', 1),
(224, 219, '224.jpg', 1),
(225, 220, '225.jpg', 1),
(226, 221, '226.jpg', 1),
(227, 222, '227.jpg', 1),
(228, 223, '228.jpg', 1),
(229, 224, '229.jpg', 1),
(230, 225, '230.jpg', 1),
(231, 226, '231.jpg', 1),
(232, 227, '232.jpg', 1),
(233, 228, '233.jpg', 1),
(234, 229, '234.jpg', 1),
(235, 230, '235.jpg', 1),
(236, 231, '236.jpg', 1),
(237, 232, '237.jpg', 1),
(238, 233, '238.jpg', 1),
(239, 234, '239.jpg', 1),
(240, 235, '240.jpg', 1),
(241, 236, '241.jpg', 1),
(242, 237, '242.jpg', 1),
(243, 238, '243.jpg', 1),
(244, 239, '244.jpg', 1),
(245, 240, '245.jpg', 1),
(246, 241, '246.jpg', 1),
(247, 242, '247.jpg', 1),
(248, 243, '248.jpg', 1),
(249, 244, '249.jpg', 1),
(250, 245, '250.jpg', 1),
(251, 246, '251.jpg', 1),
(252, 247, '252.jpg', 1),
(253, 248, '253.jpg', 1),
(254, 249, '254.jpg', 1),
(255, 250, '255.jpg', 1),
(256, 251, '256.jpg', 1),
(257, 252, '257.jpg', 1),
(258, 253, '258.jpg', 1),
(259, 254, '259.jpg', 1),
(260, 255, '260.jpg', 1),
(261, 256, '261.jpg', 1),
(262, 257, '262.jpg', 1),
(263, 258, '263.jpg', 1),
(264, 259, '264.jpg', 1),
(265, 260, '265.jpg', 1),
(266, 261, '266.jpg', 1),
(267, 262, '267.jpg', 1),
(268, 263, '268.jpg', 1),
(269, 264, '269.jpg', 1),
(270, 179, '270.jpg', 1),
(271, 265, '271.jpg', 1),
(272, 266, '272.jpg', 1),
(273, 267, '273.jpg', 1),
(274, 268, '274.jpg', 1),
(275, 269, '275.jpg', 1),
(276, 270, '276.jpg', 1),
(277, 271, '277.jpg', 1),
(278, 272, '278.jpg', 1),
(279, 273, '279.jpg', 1),
(280, 274, '280.jpg', 1),
(281, 275, '281.jpg', 1),
(282, 276, '282.jpg', 1),
(283, 277, '283.jpg', 1),
(284, 278, '284.jpg', 1),
(285, 279, '285.jpg', 1),
(286, 280, '286.jpg', 1),
(287, 281, '287.jpg', 1),
(288, 282, '288.jpg', 1),
(289, 283, '289.jpg', 1),
(290, 284, '290.jpg', 1),
(291, 285, '291.jpg', 1),
(292, 286, '292.jpg', 1),
(293, 287, '293.jpg', 1),
(294, 288, '294.jpg', 1),
(295, 289, '295.jpg', 1),
(296, 290, '296.jpg', 1),
(297, 291, '297.jpg', 1),
(298, 292, '298.jpg', 1),
(299, 293, '299.jpg', 1),
(300, 294, '300.jpg', 1),
(301, 295, '301.jpg', 1),
(302, 296, '302.jpg', 1),
(303, 297, '303.jpg', 1),
(304, 298, '304.jpg', 1),
(305, 299, '305.jpg', 1),
(306, 300, '306.jpg', 1),
(307, 301, '307.jpg', 1),
(308, 302, '308.jpg', 1),
(309, 303, '309.jpg', 1),
(310, 304, '310.jpg', 1),
(311, 305, '311.jpg', 1),
(312, 306, '312.jpg', 1),
(313, 307, '313.jpg', 1),
(314, 308, '314.jpg', 1),
(315, 309, '315.jpg', 1),
(316, 310, '316.jpg', 1),
(317, 311, '317.jpg', 1),
(318, 91, '318.jpg', 1),
(319, 312, '319.jpg', 1),
(320, 313, '320.jpg', 1),
(321, 314, '321.jpg', 1),
(322, 315, '322.jpg', 1),
(323, 316, '323.jpg', 1),
(324, 317, '324.jpg', 1),
(325, 318, '325.jpg', 1),
(326, 319, '326.jpg', 1),
(327, 320, '327.jpg', 1),
(328, 321, '328.jpg', 1),
(329, 322, '329.jpg', 1),
(330, 323, '330.jpg', 1),
(331, 324, '331.jpg', 1),
(332, 325, '332.jpg', 1),
(333, 326, '333.jpg', 1),
(334, 327, '334.jpg', 1),
(335, 328, '335.jpg', 1),
(336, 329, '336.jpg', 1),
(337, 330, '337.jpg', 1),
(338, 331, '338.jpg', 1),
(339, 332, '339.jpg', 1),
(340, 333, '340.jpg', 1),
(341, 334, '341.jpg', 1),
(342, 335, '342.jpg', 1),
(343, 336, '343.jpg', 1),
(344, 337, '344.jpg', 1),
(345, 338, '345.jpg', 1),
(346, 339, '346.jpg', 1),
(347, 340, '347.jpg', 1),
(348, 341, '348.jpg', 1),
(349, 342, '349.jpg', 1),
(350, 343, '350.jpg', 1),
(351, 344, '351.jpg', 1),
(352, 345, '352.jpg', 1),
(353, 346, '353.jpg', 1),
(354, 347, '354.jpg', 1),
(355, 348, '355.jpg', 1),
(356, 349, '356.jpg', 1),
(357, 350, '357.jpg', 1),
(358, 352, '358.jpg', 1),
(359, 353, '359.jpg', 1),
(360, 354, '360.jpg', 1),
(361, 355, '361.jpg', 1),
(362, 356, '362.jpg', 1),
(363, 357, '363.jpg', 1),
(364, 358, '364.jpg', 1),
(365, 359, '365.jpg', 1),
(366, 360, '366.jpg', 1),
(367, 361, '367.jpg', 1),
(368, 362, '368.jpg', 1),
(369, 363, '369.jpg', 1),
(370, 364, '370.jpg', 1),
(371, 365, '371.jpg', 1),
(372, 366, '372.jpg', 1),
(373, 367, '373.jpg', 1),
(374, 368, '374.jpg', 1),
(375, 369, '375.jpg', 1),
(376, 370, '376.jpg', 1),
(377, 371, '377.jpg', 1),
(378, 91, '378.jpg', 1),
(379, 372, '379.jpg', 1),
(380, 373, '380.jpg', 1),
(381, 327, '381.jpg', 1),
(382, 374, '382.jpg', 1),
(383, 375, '383.jpg', 1),
(384, 376, '384.jpg', 1),
(385, 377, '385.jpg', 1),
(386, 378, '386.jpg', 1),
(387, 379, '387.jpg', 1),
(388, 380, '388.jpg', 1),
(389, 381, '389.jpg', 1),
(390, 382, '390.jpg', 1),
(391, 383, '391.jpg', 1),
(392, 384, '392.jpg', 1),
(393, 385, '393.jpg', 1),
(394, 386, '394.jpg', 1),
(395, 387, '395.jpg', 1),
(396, 388, '396.jpg', 1),
(397, 389, '397.jpg', 1),
(398, 390, '398.jpg', 1),
(399, 391, '399.jpg', 1),
(400, 392, '400.jpg', 1),
(401, 393, '401.jpg', 1),
(402, 394, '402.jpg', 1),
(403, 395, '403.jpg', 1),
(404, 396, '404.jpg', 1),
(405, 397, '405.jpg', 1),
(406, 24, '406.jpg', 1),
(407, 398, '407.jpg', 1),
(408, 399, '408.jpg', 1),
(409, 354, '409.jpg', 1),
(410, 355, '410.jpg', 1),
(411, 356, '411.jpg', 1),
(412, 357, '412.jpg', 1),
(413, 358, '413.jpg', 1),
(414, 359, '414.jpg', 1),
(415, 360, '415.jpg', 1),
(416, 361, '416.jpg', 1),
(417, 362, '417.jpg', 1),
(418, 363, '418.jpg', 1),
(419, 364, '419.jpg', 1),
(420, 365, '420.jpg', 1),
(421, 366, '421.jpg', 1),
(422, 367, '422.jpg', 1),
(423, 368, '423.jpg', 1),
(424, 369, '424.jpg', 1),
(425, 370, '425.jpg', 1),
(426, 371, '426.jpg', 1),
(427, 91, '427.jpg', 1),
(428, 372, '428.jpg', 1),
(429, 373, '429.jpg', 1),
(430, 327, '430.jpg', 1),
(431, 374, '431.jpg', 1),
(432, 375, '432.jpg', 1),
(433, 376, '433.jpg', 1),
(434, 377, '434.jpg', 1),
(435, 378, '435.jpg', 1),
(436, 379, '436.jpg', 1),
(437, 380, '437.jpg', 1),
(438, 381, '438.jpg', 1),
(439, 382, '439.jpg', 1),
(440, 383, '440.jpg', 1),
(441, 384, '441.jpg', 1),
(442, 385, '442.jpg', 1),
(443, 386, '443.jpg', 1),
(444, 387, '444.jpg', 1),
(445, 388, '445.jpg', 1),
(446, 389, '446.jpg', 1),
(447, 390, '447.jpg', 1),
(448, 391, '448.jpg', 1),
(449, 392, '449.jpg', 1),
(450, 393, '450.jpg', 1),
(451, 394, '451.jpg', 1),
(452, 395, '452.jpg', 1),
(453, 396, '453.jpg', 1),
(454, 397, '454.jpg', 1),
(455, 24, '455.jpg', 1),
(456, 398, '456.jpg', 1),
(457, 399, '457.jpg', 1),
(458, 351, '458.jpg', 1),
(459, 400, '459.jpg', 1),
(460, 401, '460.jpg', 1),
(461, 402, '461.jpg', 1),
(462, 403, '462.jpg', 1),
(463, 404, '463.jpg', 1),
(464, 405, '464.jpg', 1),
(465, 406, '465.jpg', 1),
(466, 407, '466.jpg', 1),
(467, 408, '467.jpg', 1),
(468, 409, '468.jpg', 1),
(469, 410, '469.jpg', 1),
(470, 411, '470.jpg', 1),
(471, 412, '471.jpg', 1),
(472, 413, '472.jpg', 1),
(473, 413, '473.jpg', 1),
(474, 414, '474.jpg', 1),
(475, 415, '475.jpg', 1),
(476, 416, '476.jpg', 1),
(477, 417, '477.jpg', 1),
(478, 418, '478.jpg', 1),
(479, 419, '479.jpg', 1),
(480, 420, '480.jpg', 1),
(481, 421, '481.jpg', 1),
(482, 422, '482.jpg', 1),
(483, 423, '483.jpg', 1),
(484, 424, '484.jpg', 1),
(485, 425, '485.jpg', 1),
(486, 426, '486.jpg', 1),
(487, 427, '487.jpg', 1),
(488, 428, '488.jpg', 1),
(489, 429, '489.jpg', 1),
(490, 430, '490.jpg', 1),
(491, 431, '491.jpg', 1),
(492, 432, '492.jpg', 1),
(493, 433, '493.jpg', 1),
(494, 434, '494.jpg', 1),
(495, 435, '495.jpg', 1),
(496, 436, '496.jpg', 1),
(497, 437, '497.jpg', 1),
(498, 438, '498.jpg', 1),
(499, 439, '499.jpg', 1),
(500, 440, '500.jpg', 1),
(501, 441, '501.jpg', 1),
(502, 442, '502.jpg', 1),
(503, 443, '503.jpg', 1),
(504, 444, '504.jpg', 1),
(505, 445, '505.jpg', 1),
(506, 446, '506.jpg', 1),
(507, 447, '507.jpg', 1),
(508, 448, '508.jpg', 1),
(509, 449, '509.jpg', 1),
(510, 450, '510.jpg', 1),
(511, 451, '511.jpg', 1),
(512, 452, '512.jpg', 1),
(513, 453, '513.jpg', 1),
(514, 454, '514.jpg', 1),
(515, 455, '515.jpg', 1),
(516, 456, '516.jpg', 1),
(517, 457, '517.jpg', 1),
(518, 458, '518.jpg', 1),
(519, 459, '519.jpg', 1),
(520, 460, '520.jpg', 1),
(521, 461, '521.jpg', 1),
(522, 462, '522.jpg', 1),
(523, 463, '523.jpg', 1),
(524, 464, '524.jpg', 1),
(525, 465, '525.jpg', 1),
(526, 466, '526.jpg', 1),
(527, 467, '527.jpg', 1),
(528, 468, '528.jpg', 1),
(529, 469, '529.jpg', 1),
(530, 470, '530.jpg', 1),
(531, 471, '531.jpg', 1),
(532, 472, '532.jpg', 1),
(533, 473, '533.jpg', 1),
(534, 474, '534.jpg', 1),
(535, 475, '535.jpg', 1),
(536, 476, '536.jpg', 1),
(537, 477, '537.jpg', 1),
(538, 478, '538.jpg', 1),
(539, 479, '539.jpg', 1),
(540, 480, '540.jpg', 1),
(541, 481, '541.jpg', 1),
(542, 482, '542.jpg', 1),
(543, 483, '543.jpg', 1),
(544, 484, '544.jpg', 1),
(545, 485, '545.jpg', 1),
(546, 486, '546.jpg', 1),
(547, 487, '547.jpg', 1),
(548, 488, '548.jpg', 1),
(549, 489, '549.jpg', 1),
(550, 490, '550.jpg', 1),
(551, 491, '551.jpg', 1),
(552, 492, '552.jpg', 1),
(553, 493, '553.jpg', 1),
(554, 494, '554.jpg', 1),
(555, 495, '555.jpg', 1),
(556, 496, '556.jpg', 1),
(557, 497, '557.jpg', 1),
(558, 498, '558.jpg', 1),
(559, 499, '559.jpg', 1),
(560, 500, '560.jpg', 1),
(561, 501, '561.jpg', 1),
(562, 502, '562.jpg', 1),
(563, 503, '563.jpg', 1),
(564, 504, '564.jpg', 1),
(565, 505, '565.jpg', 1),
(566, 506, '566.jpg', 1),
(567, 507, '567.jpg', 1),
(568, 508, '568.jpg', 1),
(569, 509, '569.jpg', 1),
(570, 510, '570.jpg', 1),
(571, 511, '571.jpg', 1),
(572, 512, '572.jpg', 1),
(573, 513, '573.jpg', 1),
(574, 514, '574.jpg', 1),
(575, 515, '575.jpg', 1),
(576, 516, '576.jpg', 1),
(577, 517, '577.jpg', 1),
(578, 518, '578.jpg', 1),
(579, 519, '579.jpg', 1),
(580, 520, '580.jpg', 1),
(581, 521, '581.jpg', 1),
(582, 522, '582.jpg', 1),
(583, 523, '583.jpg', 1),
(584, 524, '584.jpg', 1),
(585, 525, '585.jpg', 1),
(586, 526, '586.jpg', 1),
(587, 527, '587.jpg', 1),
(588, 528, '588.jpg', 1),
(589, 529, '589.jpg', 1),
(590, 530, '590.jpg', 1),
(591, 531, '591.jpg', 1),
(592, 532, '592.jpg', 1),
(593, 533, '593.jpg', 1),
(594, 534, '594.jpg', 1),
(595, 535, '595.jpg', 1),
(596, 536, '596.jpg', 1),
(597, 537, '597.jpg', 1),
(598, 538, '598.jpg', 1),
(599, 539, '599.jpg', 1),
(600, 540, '600.jpg', 1),
(601, 541, '601.jpg', 1),
(602, 542, '602.jpg', 1),
(603, 543, '603.jpg', 1),
(604, 544, '604.jpg', 1),
(605, 545, '605.jpg', 1),
(606, 546, '606.jpg', 1),
(607, 547, '607.jpg', 1),
(608, 548, '608.jpg', 1),
(609, 549, '609.jpg', 1),
(610, 550, '610.jpg', 1),
(611, 272, '611.jpg', 1),
(612, 551, '612.jpg', 1),
(613, 552, '613.jpg', 1),
(614, 553, '614.jpg', 1),
(615, 554, '615.jpg', 1),
(616, 555, '616.jpg', 1),
(617, 556, '617.jpg', 1),
(618, 557, '618.jpg', 1),
(619, 558, '619.jpg', 1),
(620, 559, '620.jpg', 1),
(621, 560, '621.jpg', 1),
(622, 561, '622.jpg', 1),
(623, 52, '623.jpg', 1),
(624, 562, '624.jpg', 1),
(625, 563, '625.jpg', 1),
(626, 564, '626.jpg', 1),
(627, 565, '627.jpg', 1),
(628, 566, '628.jpg', 1),
(629, 567, '629.jpg', 1),
(630, 568, '630.jpg', 1),
(631, 569, '631.jpg', 1),
(632, 570, '632.jpg', 1),
(633, 571, '633.jpg', 1),
(634, 572, '634.jpg', 1),
(635, 573, '635.jpg', 1),
(636, 574, '636.jpg', 1),
(637, 575, '637.jpg', 1),
(638, 576, '638.jpg', 1),
(639, 577, '639.jpg', 1),
(640, 578, '640.jpg', 1),
(641, 579, '641.jpg', 1),
(642, 580, '642.jpg', 1),
(643, 581, '643.jpg', 1),
(644, 582, '644.jpg', 1),
(645, 583, '645.jpg', 1),
(646, 584, '646.jpg', 1),
(647, 585, '647.jpg', 1),
(648, 586, '648.jpg', 1),
(649, 587, '649.jpg', 1),
(650, 588, '650.jpg', 1),
(651, 589, '651.jpg', 1),
(652, 590, '652.jpg', 1),
(653, 591, '653.jpg', 1),
(654, 592, '654.jpg', 1),
(655, 593, '655.jpg', 1),
(656, 594, '656.jpg', 1),
(657, 595, '657.jpg', 1),
(658, 596, '658.jpg', 1),
(659, 597, '659.jpg', 1),
(660, 598, '660.jpg', 1),
(661, 599, '661.jpg', 1),
(662, 600, '662.jpg', 1),
(663, 601, '663.jpg', 1),
(664, 602, '664.jpg', 1),
(665, 603, '665.jpg', 1),
(666, 604, '666.jpg', 1),
(667, 605, '667.jpg', 1),
(668, 606, '668.jpg', 1),
(669, 607, '669.jpg', 1),
(670, 608, '670.jpg', 1),
(671, 92, '671.jpg', 1),
(672, 609, '672.jpg', 1),
(673, 610, '673.jpg', 1),
(674, 611, '674.jpg', 1),
(675, 612, '675.jpg', 1),
(676, 613, '676.jpg', 1),
(677, 614, '677.jpg', 1),
(678, 615, '678.jpg', 1),
(679, 616, '679.jpg', 1),
(680, 617, '680.jpg', 1),
(681, 618, '681.jpg', 1),
(682, 619, '682.jpg', 1),
(683, 620, '683.jpg', 1),
(684, 621, '684.jpg', 1),
(685, 622, '685.jpg', 1),
(686, 623, '686.jpg', 1),
(687, 624, '687.jpg', 1),
(688, 625, '688.jpg', 1),
(689, 626, '689.jpg', 1),
(690, 627, '690.jpg', 1),
(691, 628, '691.jpg', 1),
(692, 629, '692.jpg', 1),
(693, 630, '693.jpg', 1),
(694, 631, '694.jpg', 1),
(695, 632, '695.jpg', 1),
(696, 633, '696.jpg', 1),
(697, 634, '697.jpg', 1),
(698, 635, '698.jpg', 1),
(699, 636, '699.jpg', 1),
(700, 637, '700.jpg', 1),
(701, 638, '701.jpg', 1),
(702, 639, '702.jpg', 1),
(703, 640, '703.jpg', 1),
(704, 641, '704.jpg', 1),
(705, 642, '705.jpg', 1),
(706, 643, '706.jpg', 1),
(707, 644, '707.jpg', 1),
(708, 645, '708.jpg', 1),
(709, 646, '709.jpg', 1),
(710, 647, '710.jpg', 1),
(711, 648, '711.jpg', 1),
(712, 649, '712.jpg', 1),
(713, 650, '713.jpg', 1),
(714, 651, '714.jpg', 1),
(715, 652, '715.jpg', 1),
(716, 653, '716.jpg', 1),
(717, 654, '717.jpg', 1),
(718, 655, '718.jpg', 1),
(719, 656, '719.jpg', 1),
(720, 657, '720.jpg', 1),
(721, 658, '721.jpg', 1),
(722, 659, '722.jpg', 1),
(723, 660, '723.jpg', 1),
(724, 661, '724.jpg', 1),
(725, 662, '725.jpg', 1),
(726, 663, '726.jpg', 1),
(727, 664, '727.jpg', 1),
(728, 665, '728.jpg', 1),
(729, 666, '729.jpg', 1),
(730, 667, '730.jpg', 1),
(731, 668, '731.jpg', 1),
(732, 669, '732.jpg', 1),
(733, 670, '733.jpg', 1),
(734, 671, '734.jpg', 1),
(735, 672, '735.jpg', 1),
(736, 673, '736.jpg', 1),
(737, 674, '737.jpg', 1),
(738, 675, '738.jpg', 1),
(739, 676, '739.jpg', 1),
(740, 677, '740.jpg', 1),
(741, 678, '741.jpg', 1),
(742, 679, '742.jpg', 1),
(743, 680, '743.jpg', 1),
(744, 681, '744.jpg', 1),
(745, 682, '745.jpg', 1),
(746, 683, '746.jpg', 1),
(747, 684, '747.jpg', 1),
(748, 685, '748.jpg', 1),
(749, 686, '749.jpg', 1),
(750, 687, '750.jpg', 1),
(751, 688, '751.jpg', 1),
(752, 689, '752.jpg', 1),
(753, 690, '753.jpg', 1),
(754, 691, '754.jpg', 1),
(755, 692, '755.jpg', 1),
(756, 693, '756.jpg', 1),
(757, 694, '757.jpg', 1),
(758, 695, '758.jpg', 1),
(759, 696, '759.jpg', 1),
(760, 697, '760.jpg', 1),
(761, 698, '761.jpg', 1),
(762, 699, '762.jpg', 1),
(763, 700, '763.jpg', 1),
(764, 701, '764.jpg', 1),
(765, 702, '765.jpg', 1),
(766, 703, '766.jpg', 1),
(767, 704, '767.jpg', 1),
(768, 705, '768.jpg', 1),
(769, 706, '769.jpg', 1),
(770, 707, '770.jpg', 1),
(771, 708, '771.jpg', 1),
(772, 709, '772.jpg', 1),
(773, 710, '773.jpg', 1),
(774, 711, '774.jpg', 1),
(775, 712, '775.jpg', 1),
(776, 713, '776.jpg', 1),
(777, 714, '777.jpg', 1),
(778, 715, '778.jpg', 1),
(779, 716, '779.jpg', 1),
(780, 717, '780.jpg', 1),
(781, 718, '781.jpg', 1),
(782, 719, '782.jpg', 1),
(783, 720, '783.jpg', 1),
(784, 721, '784.jpg', 1),
(785, 722, '785.jpg', 1),
(786, 723, '786.jpg', 1),
(787, 724, '787.jpg', 1),
(788, 725, '788.jpg', 1),
(789, 726, '789.jpg', 1),
(790, 727, '790.jpg', 1),
(791, 728, '791.jpg', 1),
(792, 729, '792.jpg', 1);

-- --------------------------------------------------------

--
-- Структура таблицы `rules`
--

CREATE TABLE `rules` (
  `id` int(11) NOT NULL,
  `number` int(10) NOT NULL,
  `text` text NOT NULL,
  `id_cat` int(11) NOT NULL,
  `status` tinyint(2) NOT NULL DEFAULT '1'
) ENGINE=MyISAM DEFAULT CHARSET=utf8;

--
-- Дамп данных таблицы `rules`
--

INSERT INTO `rules` (`id`, `number`, `text`, `id_cat`, `status`) VALUES
(1, 1, 'Гласные А—Я в середине слова пропускают. При необходимости точно обозначить гласную А ставят внизу точку, для Я — штрих:', 1, 1),
(2, 2, 'Знаки левого оборота Л, Р, 3 пишут на уровне конца Д, Ж, Щ', 1, 1),
(3, 3, 'Знаки Л, Р после Ш пишут с опетлением', 1, 1),
(4, 4, 'Если слово повторяется дважды, то его пишут только один раз, заменяя повторяющееся слово кавычками в верхней позиции.', 1, 1),
(5, 5, 'Если в середине слова или в конце встречаются удвоенные согласные, то пишут одну из них', 1, 1),
(6, 6, 'Ь обозначают точкой над знаком, за которым он следует. В глаголах Ь не обозначают', 1, 1),
(7, 7, 'Заглавных букв в стенографии нет. Чтобы обозначить имя собственное, надо подчеркнуть слово короткой чертой. Подчеркивание длинной чертой показывает, что кратко записанное слово (чаще всего это бывает аббревиатура) следует читать в развернутом виде (полностью).', 1, 1),
(8, 8, 'Если один знак поднят над строкой, то следующий большой знак ставят на строку, даже если это влечет за собой пропуск гласной, стоящей перед ним. Это правило, называемое правилом линейности, способствует строчности письма.', 1, 1),
(9, 9, 'В середине слова Й обозначают диакритическим знаком над тем слогом, в состав которого он входит. Знак этот ставят после написания всего слова.', 1, 1),
(10, 10, 'В конце слова й выражают загнутым влево концом той гласной, за которой он следует.', 1, 1),
(11, 11, 'Гласные Е—Ё—Э обозначают полумерной чертой. В начале и середине слова после Е—Ё—Э все знаки поднимают на полмеры (за исключением подлинейного знака Ц, который остается на месте).', 1, 1),
(12, 12, 'Отрицание HE в отличие от предлога НА обозначают знаком Н, поднятым на полмеры (т.е. между основной и контрольной линиями). В этой же позиции пишут слог НЕ в начале слова.', 1, 1),
(13, 13, 'Запомните, как пишется союз НО, слог НО в начале и в конце слов, а также местоимение ОНО и сокращения: НОВЫЙ, НУЖНО, ПОЛОЖЕНИЕ.', 1, 1),
(14, 14, 'Окончание причастия ШЕДШИЙ обозначают слогом ШЕД.\r\n', 1, 1),
(15, 15, 'Для гласных Е—Ё—Э имеется дополнительный знак. Это черточка в 1/3 меры, которую пишут сверху вниз. Её применяют лишь после гласной, а также для глагольного окончания ЕТ, если оно следует после гласной или мягкого знака.', 1, 1),
(16, 16, 'Дополнительный знак для Е в верхней позиции применяют для местоимения ЭТО, а также во фразеограммах с данным местоимением. Верхнюю позицию знак ЭТО не всегда сохраняет, так как он присоединяется к концу предыдущего знака.', 1, 1),
(17, 17, 'Гласные А—Я в начале слова доводят до следующего знака, который остается на линии письма:', 1, 1),
(18, 18, 'Кроме известных вам знаков для согласных и гласных, в стенографии имеются еще знаки для десяти сочетаний согласных, часто встречающихся в русском языке. Эти знаки называются слитными. Особенность их заключается в том, что одним знаком обозначают сразу два и даже три звука, что намного ускоряет письмо и чтение. Большинство слитных знаков начинается с буквы С.\r\n\r\nОчень важно научиться слышать слитные знаки в словах, а не только видеть их. Слитные знаки разбиты на две группы. К первой группе относятся шесть знаков, не включающих в себя гласные. Сначала надо изучить четыре знака:', 1, 1),
(19, 0, 'В стенографии часто используют прием сокращенной записи слов их началом — первым слогом с добавлением последующей согласной (если слог оканчивается на гласную). Например: машина — маш, народ — нар, магазин — маг и т.д. Иногда сокращение пишут немного длиннее, если надо отличить одно сокращение от другого, сходного с ним, например: кандидат — кан, канцелярия — канц и т.д.', 1, 1);

-- --------------------------------------------------------

--
-- Структура таблицы `rules_categories`
--

CREATE TABLE `rules_categories` (
  `id` int(11) NOT NULL,
  `name` varchar(255) NOT NULL,
  `number` int(10) NOT NULL,
  `rating` int(10) NOT NULL,
  `status` tinyint(2) NOT NULL DEFAULT '1'
) ENGINE=MyISAM DEFAULT CHARSET=utf8;

--
-- Дамп данных таблицы `rules_categories`
--

INSERT INTO `rules_categories` (`id`, `name`, `number`, `rating`, `status`) VALUES
(1, 'Алфавит и слитные знаки', 1, 100, 1),
(2, 'Слитные знаки и согласные', 2, 90, 1),
(3, 'Окончания', 3, 80, 1),
(4, 'Приставки', 4, 70, 1),
(5, 'Корни', 5, 60, 1),
(6, 'Соркащенная запись отдельных слов', 6, 50, 1),
(7, 'Запись сложных слов', 7, 40, 1),
(8, 'Фразеограммы', 8, 30, 1);

-- --------------------------------------------------------

--
-- Структура таблицы `rules_examples`
--

CREATE TABLE `rules_examples` (
  `id` int(11) NOT NULL,
  `id_rule` int(10) NOT NULL,
  `id_term` int(10) NOT NULL,
  `status` tinyint(2) NOT NULL DEFAULT '1'
) ENGINE=MyISAM DEFAULT CHARSET=utf8;

--
-- Дамп данных таблицы `rules_examples`
--

INSERT INTO `rules_examples` (`id`, `id_rule`, `id_term`, `status`) VALUES
(1, 1, 1, 1),
(2, 1, 16, 1),
(3, 1, 10, 1),
(4, 1, 9, 1),
(5, 1, 11, 1),
(6, 1, 12, 1),
(7, 1, 15, 1),
(8, 2, 3, 1),
(9, 2, 4, 1),
(10, 2, 6, 1),
(11, 2, 8, 1),
(12, 2, 7, 1),
(13, 2, 5, 1),
(14, 3, 24, 1),
(15, 3, 20, 1),
(16, 3, 22, 1),
(17, 3, 26, 1),
(18, 3, 23, 1),
(19, 3, 19, 1),
(20, 8, 265, 1),
(21, 8, 248, 1),
(22, 8, 273, 1),
(23, 8, 257, 1),
(24, 8, 261, 1),
(25, 9, 272, 1),
(26, 9, 252, 1),
(27, 9, 244, 1),
(28, 9, 250, 1),
(29, 9, 271, 1),
(30, 11, 298, 1),
(31, 11, 295, 1),
(32, 11, 346, 1),
(33, 11, 299, 1),
(34, 11, 297, 1),
(35, 11, 294, 1),
(36, 11, 282, 1),
(37, 11, 293, 1),
(38, 11, 286, 1),
(39, 11, 329, 1),
(40, 11, 334, 1),
(41, 11, 306, 1),
(42, 11, 311, 1),
(43, 10, 439, 1),
(44, 10, 441, 1),
(45, 10, 440, 1),
(46, 10, 429, 1),
(47, 10, 430, 1),
(48, 10, 437, 1),
(49, 10, 438, 1),
(50, 10, 436, 1),
(51, 12, 320, 1),
(52, 12, 321, 1),
(53, 12, 319, 1),
(54, 12, 318, 1),
(55, 12, 281, 1),
(56, 12, 317, 1),
(57, 12, 280, 1),
(58, 12, 315, 1),
(59, 12, 322, 1),
(60, 12, 316, 1),
(61, 13, 91, 1),
(62, 13, 314, 1),
(63, 13, 323, 1),
(64, 13, 328, 1),
(65, 13, 324, 1),
(66, 13, 327, 1),
(67, 13, 333, 1),
(68, 13, 326, 1),
(69, 13, 325, 1),
(70, 13, 287, 1),
(71, 13, 344, 1),
(72, 13, 288, 1),
(73, 13, 337, 1),
(74, 14, 312, 1),
(75, 14, 335, 1),
(76, 14, 289, 1),
(77, 14, 341, 1),
(78, 15, 296, 1),
(79, 15, 291, 1),
(80, 15, 292, 1),
(81, 15, 305, 1),
(82, 15, 332, 1),
(83, 15, 331, 1),
(84, 15, 343, 1),
(85, 15, 342, 1),
(86, 15, 301, 1),
(87, 15, 302, 1),
(88, 15, 300, 1),
(89, 15, 340, 1),
(90, 15, 285, 1),
(91, 15, 283, 1),
(92, 15, 284, 1),
(93, 15, 309, 1),
(94, 15, 310, 1),
(95, 15, 308, 1),
(96, 16, 348, 1),
(97, 16, 347, 1),
(98, 16, 350, 1),
(99, 16, 349, 1),
(100, 16, 290, 1),
(101, 16, 313, 1),
(102, 16, 336, 1),
(103, 17, 32, 1),
(104, 17, 31, 1),
(105, 17, 30, 1),
(106, 17, 28, 1),
(107, 17, 29, 1),
(108, 17, 27, 1),
(109, 17, 59, 1),
(110, 17, 58, 1),
(111, 17, 57, 1),
(112, 17, 60, 1),
(113, 17, 62, 1),
(114, 17, 64, 1),
(115, 17, 63, 1),
(116, 17, 61, 1),
(117, 18, 552, 1),
(118, 18, 553, 1),
(119, 18, 554, 1),
(120, 18, 555, 1),
(121, 18, 118, 1),
(122, 18, 117, 1),
(123, 18, 85, 1),
(124, 18, 84, 1),
(125, 18, 124, 1),
(126, 18, 125, 1),
(127, 18, 133, 1),
(128, 18, 139, 1),
(129, 18, 67, 1),
(130, 18, 129, 1),
(131, 18, 128, 1),
(132, 18, 127, 1),
(133, 18, 65, 1),
(134, 18, 105, 1),
(135, 18, 106, 1),
(136, 18, 104, 1);

-- --------------------------------------------------------

--
-- Структура таблицы `sounds`
--

CREATE TABLE `sounds` (
  `id` int(11) NOT NULL,
  `id_term` int(11) NOT NULL,
  `file` varchar(100) NOT NULL,
  `status` tinyint(2) NOT NULL DEFAULT '1'
) ENGINE=MyISAM DEFAULT CHARSET=utf8 ROW_FORMAT=DYNAMIC;

--
-- Дамп данных таблицы `sounds`
--

INSERT INTO `sounds` (`id`, `id_term`, `file`, `status`) VALUES
(1, 420, '1.mp3', 1),
(2, 352, '2.mp3', 1),
(3, 352, '3.mp3', 1),
(4, 353, '4.wav', 1),
(5, 400, '5.wav', 1),
(6, 401, '6.wav', 1),
(7, 402, '7.wav', 1),
(8, 403, '8.wav', 1),
(9, 404, '9.wav', 1),
(10, 405, '10.wav', 1),
(11, 406, '11.wav', 1),
(12, 407, '12.wav', 1),
(13, 408, '13.wav', 1),
(14, 409, '14.wav', 1),
(15, 410, '15.wav', 1),
(16, 411, '16.wav', 1),
(17, 412, '17.wav', 1),
(18, 413, '18.wav', 1),
(19, 414, '19.wav', 1),
(20, 415, '20.wav', 1),
(21, 416, '21.wav', 1),
(22, 417, '22.wav', 1),
(23, 418, '23.wav', 1),
(24, 419, '24.wav', 1),
(25, 421, '25.wav', 1),
(26, 354, '26.wav', 1),
(27, 355, '27.wav', 1),
(28, 356, '28.wav', 1),
(29, 357, '29.wav', 1),
(30, 359, '30.wav', 1),
(31, 358, '31.wav', 1),
(32, 360, '32.wav', 1),
(33, 361, '33.wav', 1),
(34, 362, '34.wav', 1),
(35, 363, '35.wav', 1),
(36, 364, '36.wav', 1),
(37, 365, '37.wav', 1),
(38, 366, '38.wav', 1),
(39, 367, '39.wav', 1),
(40, 369, '40.wav', 1),
(41, 370, '41.wav', 1),
(42, 371, '42.wav', 1),
(43, 91, '43.wav', 1),
(44, 372, '44.wav', 1),
(45, 373, '45.wav', 1),
(46, 327, '46.wav', 1),
(47, 374, '47.wav', 1),
(48, 375, '48.wav', 1),
(49, 376, '49.wav', 1),
(50, 378, '50.wav', 1),
(51, 379, '51.wav', 1),
(52, 380, '52.wav', 1),
(53, 381, '53.wav', 1),
(54, 382, '54.wav', 1),
(55, 383, '55.wav', 1),
(56, 384, '56.wav', 1),
(57, 385, '57.wav', 1),
(58, 386, '58.wav', 1),
(59, 387, '59.wav', 1),
(60, 388, '60.wav', 1),
(61, 389, '61.wav', 1),
(62, 392, '62.wav', 1),
(63, 393, '63.wav', 1),
(64, 394, '64.wav', 1),
(65, 395, '65.wav', 1),
(66, 396, '66.wav', 1),
(67, 397, '67.wav', 1),
(68, 24, '68.wav', 1),
(69, 398, '69.wav', 1),
(70, 399, '70.wav', 1),
(71, 1, '111.mp3', 1),
(72, 3, '72.wav', 1),
(73, 4, '73.wav', 1),
(74, 5, '74.wav', 1),
(75, 6, '75.wav', 1),
(76, 7, '86.mp3', 1),
(77, 8, '77.wav', 1),
(78, 9, '78.wav', 1),
(79, 10, '79.wav', 1),
(80, 11, '80.wav', 1),
(81, 12, '81.wav', 1),
(82, 13, '82.wav', 1),
(83, 14, '83.wav', 1),
(84, 2, '84.wav', 1),
(85, 15, '85.wav', 1),
(86, 16, '86.wav', 1),
(87, 17, '87.wav', 1),
(88, 18, '88.wav', 1),
(89, 368, '89.wav', 1),
(90, 377, '90.wav', 1),
(91, 390, '91.wav', 1),
(92, 391, '92.wav', 1),
(93, 21, '93.wav', 1),
(94, 25, '94.wav', 1),
(95, 27, '95.wav', 1),
(96, 28, '96.wav', 1),
(97, 29, '97.wav', 1),
(98, 30, '98.wav', 1),
(99, 31, '99.wav', 1),
(100, 32, '100.wav', 1),
(101, 33, '101.wav', 1),
(102, 34, '102.wav', 1),
(103, 35, '103.wav', 1),
(104, 36, '104.wav', 1),
(105, 37, '105.wav', 1),
(106, 19, '106.wav', 1),
(107, 20, '107.wav', 1),
(108, 22, '108.wav', 1),
(109, 23, '109.wav', 1),
(110, 26, '110.wav', 1),
(111, 38, '111.wav', 1),
(112, 39, '112.wav', 1),
(113, 40, '113.wav', 1),
(114, 41, '114.wav', 1),
(115, 42, '115.wav', 1),
(116, 43, '116.wav', 1),
(117, 44, '117.wav', 1),
(118, 45, '118.wav', 1),
(119, 46, '119.wav', 1),
(120, 47, '120.wav', 1),
(121, 48, '121.wav', 1),
(122, 49, '122.wav', 1),
(123, 51, '123.wav', 1),
(124, 52, '124.wav', 1),
(125, 50, '125.mp3', 1),
(126, 66, '126.wav', 1),
(127, 67, '127.wav', 1),
(128, 68, '128.wav', 1),
(129, 69, '129.wav', 1),
(130, 70, '130.wav', 1),
(131, 71, '131.wav', 1),
(132, 72, '132.wav', 1),
(133, 73, '133.wav', 1),
(134, 75, '134.wav', 1),
(135, 76, '135.wav', 1),
(136, 77, '136.wav', 1),
(137, 78, '137.wav', 1),
(138, 65, '138.wav', 1),
(139, 53, '139.wav', 1),
(140, 54, '140.wav', 1),
(141, 55, '141.wav', 1),
(142, 56, '142.wav', 1),
(143, 57, '143.wav', 1),
(144, 58, '144.wav', 1),
(145, 59, '145.wav', 1),
(146, 60, '146.wav', 1),
(147, 61, '147.wav', 1),
(148, 62, '148.wav', 1),
(149, 63, '149.wav', 1),
(150, 64, '150.wav', 1),
(151, 74, '151.wav', 1),
(152, 79, '152.wav', 1),
(153, 80, '153.wav', 1),
(154, 81, '154.wav', 1),
(155, 82, '155.wav', 1),
(156, 83, '156.wav', 1),
(157, 84, '157.wav', 1),
(158, 85, '158.wav', 1),
(159, 86, '159.wav', 1),
(160, 87, '160.wav', 1),
(161, 88, '161.wav', 1),
(162, 89, '162.wav', 1),
(163, 90, '163.wav', 1),
(164, 93, '164.wav', 1),
(165, 95, '165.wav', 1),
(166, 96, '166.wav', 1),
(167, 97, '167.wav', 1),
(168, 98, '168.wav', 1),
(169, 99, '169.wav', 1),
(170, 100, '170.wav', 1),
(171, 101, '171.wav', 1),
(172, 102, '172.wav', 1),
(173, 103, '173.wav', 1),
(174, 104, '174.wav', 1),
(175, 105, '175.wav', 1),
(176, 106, '176.wav', 1),
(177, 351, '177.wav', 1),
(178, 588, '178.wav', 1),
(179, 591, '179.wav', 1),
(180, 592, '180.wav', 1),
(181, 593, '181.wav', 1),
(182, 594, '182.wav', 1),
(183, 595, '183.wav', 1),
(184, 596, '184.wav', 1),
(185, 661, '185.wav', 1),
(186, 672, '186.wav', 1),
(187, 671, '187.wav', 1),
(188, 670, '188.wav', 1),
(189, 669, '189.wav', 1),
(190, 668, '190.wav', 1),
(191, 665, '191.wav', 1),
(192, 664, '192.wav', 1),
(193, 663, '193.wav', 1),
(194, 662, '194.wav', 1),
(195, 645, '195.wav', 1),
(196, 183, '196.wav', 1),
(197, 646, '197.wav', 1),
(198, 648, '198.wav', 1),
(199, 649, '199.wav', 1),
(200, 650, '200.wav', 1),
(201, 651, '201.wav', 1),
(202, 652, '202.wav', 1),
(203, 654, '203.wav', 1),
(204, 655, '204.wav', 1),
(205, 656, '205.wav', 1),
(206, 657, '206.wav', 1),
(207, 658, '207.wav', 1),
(208, 659, '208.wav', 1),
(209, 660, '209.wav', 1),
(210, 636, '210.wav', 1),
(211, 637, '211.wav', 1),
(212, 638, '212.wav', 1),
(213, 639, '213.wav', 1),
(214, 640, '214.wav', 1),
(215, 641, '215.wav', 1),
(216, 643, '216.wav', 1),
(217, 644, '217.wav', 1),
(218, 647, '218.wav', 1),
(219, 653, '219.wav', 1),
(220, 626, '220.wav', 1),
(221, 627, '221.wav', 1),
(222, 628, '222.wav', 1),
(223, 629, '223.wav', 1),
(224, 630, '224.wav', 1),
(225, 631, '225.wav', 1),
(226, 632, '226.wav', 1),
(227, 633, '227.wav', 1),
(228, 634, '228.wav', 1),
(229, 635, '229.wav', 1),
(230, 642, '230.wav', 1),
(231, 107, '231.wav', 1),
(232, 108, '232.wav', 1),
(233, 109, '233.wav', 1),
(234, 110, '234.wav', 1),
(235, 111, '235.wav', 1),
(236, 112, '236.wav', 1),
(237, 113, '237.wav', 1),
(238, 114, '238.wav', 1),
(239, 115, '239.wav', 1),
(240, 116, '240.wav', 1),
(241, 117, '241.wav', 1),
(242, 118, '242.wav', 1),
(243, 119, '243.wav', 1),
(244, 120, '244.wav', 1),
(245, 121, '245.wav', 1),
(246, 122, '246.wav', 1),
(247, 123, '247.wav', 1),
(248, 124, '248.wav', 1),
(249, 125, '249.wav', 1),
(250, 126, '250.wav', 1),
(251, 127, '251.wav', 1),
(252, 128, '252.wav', 1),
(253, 129, '253.wav', 1),
(254, 130, '254.wav', 1),
(255, 131, '255.wav', 1),
(256, 132, '256.wav', 1),
(257, 133, '257.wav', 1),
(258, 134, '258.wav', 1),
(259, 135, '259.wav', 1),
(260, 136, '260.wav', 1),
(261, 137, '261.wav', 1),
(262, 138, '262.wav', 1),
(263, 147, '263.wav', 1),
(264, 148, '264.wav', 1),
(265, 149, '265.wav', 1),
(266, 143, '266.wav', 1),
(267, 150, '267.wav', 1),
(268, 144, '268.wav', 1),
(269, 151, '269.wav', 1),
(270, 152, '270.wav', 1),
(271, 153, '271.wav', 1),
(272, 145, '272.wav', 1),
(273, 146, '273.wav', 1),
(274, 139, '274.wav', 1),
(275, 140, '275.wav', 1),
(276, 141, '276.wav', 1),
(277, 142, '277.wav', 1),
(278, 154, '278.wav', 1),
(279, 155, '279.wav', 1),
(280, 156, '280.wav', 1),
(281, 157, '281.wav', 1),
(282, 158, '282.wav', 1),
(283, 159, '283.wav', 1),
(284, 160, '284.wav', 1),
(285, 161, '285.wav', 1),
(286, 162, '286.wav', 1),
(287, 163, '287.wav', 1),
(288, 164, '288.wav', 1),
(289, 165, '289.wav', 1),
(290, 166, '290.wav', 1),
(291, 167, '291.wav', 1),
(292, 168, '292.wav', 1),
(293, 169, '293.wav', 1),
(294, 170, '294.wav', 1),
(295, 171, '295.wav', 1),
(296, 172, '296.wav', 1),
(297, 173, '297.wav', 1),
(298, 174, '298.wav', 1),
(299, 175, '299.wav', 1),
(300, 176, '300.wav', 1),
(301, 178, '301.wav', 1),
(302, 179, '302.wav', 1),
(303, 180, '303.wav', 1),
(304, 185, '304.wav', 1),
(305, 181, '305.wav', 1),
(306, 182, '306.wav', 1),
(307, 186, '307.wav', 1),
(308, 187, '308.wav', 1),
(309, 188, '309.wav', 1),
(310, 189, '310.wav', 1),
(311, 190, '311.wav', 1),
(312, 191, '312.wav', 1),
(313, 192, '313.wav', 1),
(314, 193, '314.wav', 1),
(315, 194, '315.wav', 1),
(316, 195, '316.wav', 1),
(317, 196, '317.wav', 1),
(318, 197, '318.wav', 1),
(319, 198, '319.wav', 1),
(320, 199, '320.wav', 1),
(321, 201, '321.wav', 1),
(322, 200, '322.wav', 1),
(323, 203, '323.wav', 1),
(324, 202, '324.wav', 1),
(325, 204, '325.wav', 1),
(326, 205, '326.wav', 1),
(327, 184, '327.wav', 1),
(328, 211, '328.wav', 1),
(329, 212, '329.wav', 1),
(330, 213, '330.wav', 1),
(331, 214, '331.wav', 1),
(332, 208, '332.wav', 1),
(333, 215, '333.wav', 1),
(334, 216, '334.wav', 1),
(335, 217, '335.wav', 1),
(336, 218, '336.wav', 1),
(337, 219, '337.wav', 1),
(338, 220, '338.wav', 1),
(339, 209, '339.wav', 1),
(340, 210, '340.wav', 1),
(341, 221, '341.wav', 1),
(342, 222, '342.wav', 1),
(343, 206, '343.wav', 1),
(344, 207, '344.wav', 1),
(345, 229, '345.wav', 1),
(346, 223, '346.wav', 1),
(347, 224, '347.wav', 1),
(348, 225, '348.wav', 1),
(349, 226, '349.wav', 1),
(350, 227, '350.wav', 1),
(351, 228, '351.wav', 1),
(352, 230, '352.wav', 1),
(353, 231, '353.wav', 1),
(354, 232, '354.wav', 1),
(355, 233, '355.wav', 1),
(356, 234, '356.wav', 1),
(357, 235, '357.wav', 1),
(358, 236, '358.wav', 1),
(359, 237, '359.wav', 1),
(360, 238, '360.wav', 1),
(361, 244, '361.wav', 1),
(362, 247, '362.wav', 1),
(363, 248, '363.wav', 1),
(364, 249, '364.wav', 1),
(365, 250, '365.wav', 1),
(366, 251, '366.wav', 1),
(367, 252, '367.wav', 1),
(368, 245, '368.wav', 1),
(369, 239, '369.wav', 1),
(370, 240, '370.wav', 1),
(371, 241, '371.wav', 1),
(372, 242, '372.wav', 1),
(373, 243, '373.wav', 1),
(374, 253, '374.wav', 1),
(375, 254, '375.wav', 1),
(376, 255, '376.wav', 1),
(377, 256, '377.wav', 1),
(378, 257, '378.wav', 1),
(379, 258, '379.wav', 1),
(380, 259, '380.wav', 1),
(381, 260, '381.wav', 1),
(382, 261, '382.wav', 1),
(383, 262, '383.wav', 1),
(384, 263, '384.wav', 1),
(385, 264, '385.wav', 1),
(386, 265, '386.wav', 1),
(387, 266, '387.wav', 1),
(388, 267, '388.wav', 1),
(389, 268, '389.wav', 1),
(390, 269, '390.wav', 1),
(391, 270, '391.wav', 1),
(392, 271, '392.wav', 1),
(393, 272, '393.wav', 1),
(394, 273, '394.wav', 1),
(395, 274, '395.wav', 1),
(396, 275, '396.wav', 1),
(397, 276, '397.wav', 1),
(398, 279, '398.wav', 1),
(399, 282, '399.wav', 1),
(400, 283, '400.wav', 1),
(401, 284, '401.wav', 1),
(402, 285, '402.wav', 1),
(403, 286, '403.wav', 1),
(404, 287, '404.wav', 1),
(405, 288, '405.wav', 1),
(406, 289, '406.wav', 1),
(407, 280, '407.wav', 1),
(408, 281, '408.wav', 1),
(409, 277, '409.wav', 1),
(410, 278, '410.wav', 1),
(411, 297, '411.wav', 1),
(412, 290, '412.wav', 1),
(413, 291, '413.wav', 1),
(414, 292, '414.wav', 1),
(415, 293, '415.wav', 1),
(416, 296, '416.wav', 1),
(417, 294, '417.wav', 1),
(418, 295, '418.wav', 1),
(419, 298, '419.wav', 1),
(420, 299, '420.wav', 1),
(421, 300, '421.wav', 1),
(422, 301, '422.wav', 1),
(423, 302, '423.wav', 1),
(424, 303, '424.wav', 1),
(425, 304, '425.wav', 1),
(426, 305, '426.wav', 1),
(427, 246, '427.wav', 1),
(428, 306, '428.wav', 1),
(429, 307, '429.wav', 1),
(430, 308, '430.wav', 1),
(431, 309, '431.wav', 1),
(432, 310, '432.wav', 1),
(433, 311, '433.wav', 1),
(434, 313, '434.wav', 1),
(435, 312, '435.wav', 1),
(436, 314, '436.wav', 1),
(437, 315, '437.wav', 1),
(438, 316, '438.wav', 1),
(439, 317, '439.wav', 1),
(440, 318, '440.wav', 1),
(441, 319, '441.wav', 1),
(442, 320, '442.wav', 1),
(443, 321, '443.wav', 1),
(444, 322, '444.wav', 1),
(445, 323, '445.wav', 1),
(446, 324, '446.wav', 1),
(447, 325, '447.wav', 1),
(448, 326, '448.wav', 1),
(449, 686, '449.wav', 1),
(450, 329, '450.wav', 1),
(451, 330, '451.wav', 1),
(452, 332, '452.wav', 1),
(453, 331, '453.wav', 1),
(454, 333, '454.wav', 1),
(455, 334, '455.wav', 1),
(456, 335, '456.wav', 1),
(457, 336, '457.wav', 1),
(458, 337, '458.wav', 1),
(459, 338, '459.wav', 1),
(460, 339, '460.wav', 1),
(461, 340, '461.wav', 1),
(462, 341, '462.wav', 1),
(463, 342, '463.wav', 1),
(464, 343, '464.wav', 1),
(465, 344, '465.wav', 1),
(466, 345, '466.wav', 1),
(467, 346, '467.wav', 1),
(468, 347, '468.wav', 1),
(469, 348, '469.wav', 1),
(470, 349, '470.wav', 1),
(471, 350, '471.wav', 1),
(472, 424, '472.wav', 1),
(473, 425, '473.wav', 1),
(474, 426, '474.wav', 1),
(475, 422, '475.wav', 1),
(476, 427, '476.wav', 1),
(477, 428, '477.wav', 1),
(478, 429, '478.wav', 1),
(479, 430, '479.wav', 1),
(480, 431, '480.wav', 1),
(481, 432, '481.wav', 1),
(482, 433, '482.wav', 1),
(483, 434, '483.wav', 1),
(484, 423, '484.wav', 1),
(485, 435, '485.wav', 1),
(486, 436, '486.wav', 1),
(487, 437, '487.wav', 1),
(488, 438, '488.wav', 1),
(489, 439, '489.wav', 1),
(490, 440, '490.wav', 1),
(491, 441, '491.wav', 1),
(492, 442, '492.wav', 1),
(493, 443, '493.wav', 1),
(494, 444, '494.wav', 1),
(495, 445, '495.wav', 1),
(496, 446, '496.wav', 1),
(497, 447, '497.wav', 1),
(498, 453, '498.wav', 1),
(499, 462, '499.wav', 1),
(500, 455, '500.wav', 1),
(501, 460, '501.wav', 1),
(502, 454, '502.wav', 1),
(503, 456, '503.wav', 1),
(504, 457, '504.wav', 1),
(505, 448, '505.wav', 1),
(506, 458, '506.wav', 1),
(507, 459, '507.wav', 1),
(508, 449, '508.wav', 1),
(509, 450, '509.wav', 1),
(510, 451, '510.wav', 1),
(511, 461, '511.wav', 1),
(512, 452, '512.wav', 1),
(513, 474, '513.wav', 1),
(514, 477, '514.wav', 1),
(515, 463, '515.wav', 1),
(516, 464, '516.wav', 1),
(517, 465, '517.wav', 1),
(518, 675, '518.wav', 1),
(519, 466, '519.wav', 1),
(520, 468, '520.wav', 1),
(521, 469, '521.wav', 1),
(522, 470, '522.wav', 1),
(523, 471, '523.wav', 1),
(524, 472, '524.wav', 1),
(525, 473, '525.wav', 1),
(526, 475, '526.wav', 1),
(527, 476, '527.wav', 1),
(528, 478, '528.wav', 1),
(529, 479, '529.wav', 1),
(530, 480, '530.wav', 1),
(531, 481, '531.wav', 1),
(532, 482, '532.wav', 1),
(533, 483, '533.wav', 1),
(534, 484, '534.wav', 1),
(535, 485, '535.wav', 1),
(536, 486, '536.wav', 1),
(537, 487, '537.wav', 1),
(538, 488, '538.wav', 1),
(539, 489, '539.wav', 1),
(540, 490, '540.wav', 1),
(541, 491, '541.wav', 1),
(542, 492, '542.wav', 1),
(543, 503, '543.wav', 1),
(544, 504, '544.wav', 1),
(545, 505, '545.wav', 1),
(546, 502, '546.wav', 1),
(547, 506, '547.wav', 1),
(548, 507, '548.wav', 1),
(549, 493, '549.wav', 1),
(550, 494, '550.wav', 1),
(551, 495, '551.wav', 1),
(552, 496, '552.wav', 1),
(553, 497, '553.wav', 1),
(554, 498, '554.wav', 1),
(555, 499, '555.wav', 1),
(556, 500, '556.wav', 1),
(557, 501, '557.wav', 1),
(558, 515, '558.wav', 1),
(559, 514, '559.wav', 1),
(560, 516, '560.wav', 1),
(561, 517, '561.wav', 1),
(562, 518, '562.wav', 1),
(563, 508, '563.wav', 1),
(564, 509, '564.wav', 1),
(565, 510, '565.wav', 1),
(566, 512, '566.wav', 1),
(567, 511, '567.wav', 1),
(568, 513, '568.wav', 1),
(569, 519, '569.wav', 1),
(570, 520, '570.wav', 1),
(571, 521, '571.wav', 1),
(572, 522, '572.wav', 1),
(573, 523, '573.wav', 1),
(574, 525, '574.wav', 1),
(575, 524, '575.wav', 1),
(576, 526, '576.wav', 1),
(577, 527, '577.wav', 1),
(578, 528, '578.wav', 1),
(579, 529, '579.wav', 1),
(580, 530, '580.wav', 1),
(581, 537, '581.wav', 1),
(582, 538, '582.wav', 1),
(583, 539, '583.wav', 1),
(584, 540, '584.wav', 1),
(585, 541, '585.wav', 1),
(586, 536, '586.wav', 1),
(587, 542, '587.wav', 1),
(588, 543, '588.wav', 1),
(589, 544, '589.wav', 1),
(590, 545, '590.wav', 1),
(591, 531, '591.wav', 1),
(592, 532, '592.wav', 1),
(593, 533, '593.wav', 1),
(594, 534, '594.wav', 1),
(595, 535, '595.wav', 1),
(596, 557, '596.wav', 1),
(597, 558, '597.wav', 1),
(598, 553, '598.wav', 1),
(599, 559, '599.wav', 1),
(600, 560, '600.wav', 1),
(601, 546, '601.wav', 1),
(602, 561, '602.wav', 1),
(603, 547, '603.wav', 1),
(604, 548, '604.wav', 1),
(605, 549, '605.wav', 1),
(606, 556, '606.wav', 1),
(607, 550, '607.wav', 1),
(608, 552, '608.wav', 1),
(609, 554, '609.wav', 1),
(610, 555, '610.wav', 1),
(611, 551, '611.wav', 1),
(612, 562, '612.wav', 1),
(613, 563, '613.wav', 1),
(614, 564, '614.wav', 1),
(615, 565, '615.wav', 1),
(616, 566, '616.wav', 1),
(617, 567, '617.wav', 1),
(618, 689, '618.wav', 1),
(619, 568, '619.wav', 1),
(620, 569, '620.wav', 1),
(621, 570, '621.wav', 1),
(622, 571, '622.wav', 1),
(623, 572, '623.wav', 1),
(624, 574, '624.wav', 1),
(625, 575, '625.wav', 1),
(626, 576, '626.wav', 1),
(627, 577, '627.wav', 1),
(628, 578, '628.wav', 1),
(629, 579, '629.wav', 1),
(630, 580, '630.wav', 1),
(631, 581, '631.wav', 1),
(632, 582, '632.wav', 1),
(633, 583, '633.wav', 1),
(634, 584, '634.wav', 1),
(635, 585, '635.wav', 1),
(636, 586, '636.wav', 1);

-- --------------------------------------------------------

--
-- Структура таблицы `sounds_old`
--

CREATE TABLE `sounds_old` (
  `id` int(11) NOT NULL,
  `id_term` int(11) NOT NULL,
  `file` varchar(100) NOT NULL,
  `status` tinyint(2) NOT NULL DEFAULT '1'
) ENGINE=MyISAM DEFAULT CHARSET=utf8 ROW_FORMAT=DYNAMIC;

--
-- Дамп данных таблицы `sounds_old`
--

INSERT INTO `sounds_old` (`id`, `id_term`, `file`, `status`) VALUES
(1, 420, '1.mp3', 1),
(2, 352, '2.mp3', 1),
(3, 352, '3.mp3', 1),
(4, 353, '4.wav', 1),
(5, 400, '5.wav', 1),
(6, 401, '6.wav', 1),
(7, 402, '7.wav', 1),
(8, 403, '8.wav', 1),
(9, 404, '9.wav', 1),
(10, 405, '10.wav', 1),
(11, 406, '11.wav', 1),
(12, 407, '12.wav', 1),
(13, 408, '13.wav', 1),
(14, 409, '14.wav', 1),
(15, 410, '15.wav', 1),
(16, 411, '16.wav', 1),
(17, 412, '17.wav', 1),
(18, 413, '18.wav', 1),
(19, 414, '19.wav', 1),
(20, 415, '20.wav', 1),
(21, 416, '21.wav', 1),
(22, 417, '22.wav', 1),
(23, 418, '23.wav', 1),
(24, 419, '24.wav', 1),
(25, 421, '25.wav', 1);

-- --------------------------------------------------------

--
-- Структура таблицы `terms`
--

CREATE TABLE `terms` (
  `id` int(11) NOT NULL,
  `name` varchar(255) NOT NULL,
  `type` tinyint(4) NOT NULL,
  `state` tinyint(4) NOT NULL DEFAULT '0',
  `status` tinyint(2) NOT NULL DEFAULT '1'
) ENGINE=MyISAM DEFAULT CHARSET=utf8;

--
-- Дамп данных таблицы `terms`
--

INSERT INTO `terms` (`id`, `name`, `type`, `state`, `status`) VALUES
(1, 'баркас', 3, 0, 1),
(2, 'работал', 5, 0, 1),
(3, 'дал', 3, 0, 1),
(4, 'дар', 3, 0, 1),
(5, 'джаз', 3, 0, 1),
(6, 'жал', 3, 0, 1),
(7, 'жар', 3, 0, 1),
(8, 'ждал', 3, 0, 1),
(9, 'канава', 3, 0, 1),
(10, 'канва', 3, 0, 1),
(11, 'маты', 3, 0, 1),
(12, 'мята', 3, 0, 1),
(13, 'нажал', 3, 0, 1),
(14, 'первый', 3, 0, 1),
(15, 'слабо', 3, 0, 1),
(16, 'сразу', 3, 0, 1),
(17, 'дальше и дальше', 7, 0, 1),
(18, 'дни за днями', 7, 0, 1),
(19, 'маршал', 3, 0, 1),
(20, 'нашла', 3, 0, 1),
(21, 'шаг за шагом', 7, 0, 1),
(22, 'шалаш', 3, 0, 1),
(23, 'шарфы', 3, 0, 1),
(24, 'шли', 3, 0, 1),
(25, 'шли и шли', 7, 0, 1),
(26, 'шрам', 3, 0, 1),
(27, 'Абакан', 12, 0, 1),
(28, 'аванс', 3, 0, 1),
(29, 'агат', 3, 0, 1),
(30, 'акт', 3, 0, 1),
(31, 'Алдан', 12, 0, 1),
(32, 'армада', 3, 0, 1),
(33, 'баку', 3, 0, 1),
(34, 'Балхаш', 12, 0, 1),
(35, 'БАМ', 12, 0, 1),
(36, 'большой', 3, 0, 1),
(37, 'брата', 3, 0, 1),
(38, 'брать', 3, 0, 1),
(39, 'братья', 3, 0, 1),
(40, 'гаммы', 3, 0, 1),
(41, 'даль', 3, 0, 1),
(42, 'дан', 3, 0, 1),
(43, 'дань', 3, 0, 1),
(44, 'дать', 3, 0, 1),
(45, 'Кама', 12, 0, 1),
(46, 'Камчатка', 12, 0, 1),
(47, 'лады', 3, 0, 1),
(48, 'ладьи', 3, 0, 1),
(49, 'льды', 3, 0, 1),
(50, 'Магадан', 12, 0, 1),
(51, 'начать', 3, 0, 1),
(52, 'пассаты', 3, 0, 1),
(53, 'ралли', 3, 0, 1),
(54, 'республика', 5, 0, 1),
(55, 'чья', 3, 0, 1),
(56, 'шасси', 3, 0, 1),
(57, 'явь', 3, 0, 1),
(58, 'яд', 3, 0, 1),
(59, 'язь', 3, 0, 1),
(60, 'як', 3, 0, 1),
(61, 'ямб', 3, 0, 1),
(62, 'ямка', 3, 0, 1),
(63, 'яхта', 3, 0, 1),
(64, 'яшма', 3, 0, 1),
(65, 'Прага', 12, 0, 1),
(66, 'абстракция', 3, 0, 1),
(67, 'астра', 3, 0, 1),
(68, 'быть', 5, 0, 1),
(69, 'выбравший', 3, 0, 1),
(70, 'говорящий', 3, 0, 1),
(71, 'год', 5, 0, 1),
(72, 'годы', 5, 0, 1),
(73, 'договор', 3, 0, 1),
(74, 'договорный', 3, 0, 1),
(75, 'дополнение', 3, 0, 1),
(76, 'доработать', 3, 0, 1),
(77, 'дошли', 3, 0, 1),
(78, 'друг', 5, 0, 1),
(79, 'другой', 5, 0, 1),
(80, 'железнодорожный', 5, 0, 1),
(81, 'железный', 5, 0, 1),
(82, 'железо', 5, 0, 1),
(83, 'здесь', 5, 0, 1),
(84, 'знаки', 3, 0, 1),
(85, 'знать', 3, 0, 1),
(86, 'значение', 3, 0, 1),
(87, 'кассация', 3, 0, 1),
(88, 'личность', 3, 0, 1),
(89, 'личный', 3, 0, 1),
(90, 'может', 3, 0, 1),
(91, 'на', 9, 0, 1),
(92, 'назначение', 3, 0, 1),
(93, 'назначили', 3, 0, 1),
(94, 'наличный', 3, 0, 1),
(95, 'наработавшийся', 3, 0, 1),
(96, 'национальность', 3, 0, 1),
(97, 'национальный', 3, 0, 1),
(98, 'нация', 3, 0, 1),
(99, 'поговори', 3, 0, 1),
(100, 'правительственный', 5, 0, 1),
(101, 'правительство', 5, 0, 1),
(102, 'проработать', 3, 0, 1),
(103, 'прошли', 3, 0, 1),
(104, 'пряжа', 3, 0, 1),
(105, 'прямо', 3, 0, 1),
(106, 'прятать', 3, 0, 1),
(107, 'работа', 5, 0, 1),
(108, 'работали', 5, 0, 1),
(109, 'работать', 5, 0, 1),
(110, 'работающий', 5, 0, 1),
(111, 'работы', 5, 0, 1),
(112, 'решавшийся', 5, 0, 1),
(113, 'решали', 5, 0, 1),
(114, 'решать', 5, 0, 1),
(115, 'решающий', 3, 0, 1),
(116, 'сельскохозяйственный', 5, 0, 1),
(117, 'снаряды', 3, 0, 1),
(118, 'сначала', 3, 0, 1),
(119, 'собрание', 3, 0, 1),
(120, 'собранность', 3, 0, 1),
(121, 'собранный', 3, 0, 1),
(122, 'сознание', 3, 0, 1),
(123, 'сомнение', 3, 0, 1),
(124, 'стаж', 3, 0, 1),
(125, 'стакан', 3, 0, 1),
(126, 'станция', 3, 0, 1),
(127, 'страны', 3, 0, 1),
(128, 'страсти', 3, 0, 1),
(129, 'страх', 3, 0, 1),
(130, 'строительства', 5, 0, 1),
(131, 'строительство', 5, 0, 1),
(132, 'строительству', 5, 0, 1),
(133, 'стяги', 3, 0, 1),
(134, 'так', 5, 0, 1),
(135, 'фабрика', 5, 0, 1),
(136, 'хозяйственный', 5, 0, 1),
(137, 'хозяйство', 5, 0, 1),
(138, 'центр', 5, 0, 1),
(139, 'часто', 3, 0, 1),
(140, 'что', 5, 0, 1),
(141, 'чтобы', 5, 0, 1),
(142, 'школа', 5, 0, 1),
(143, 'Ангара', 12, 0, 1),
(144, 'Варшава', 12, 0, 1),
(145, 'Кузбасс', 12, 0, 1),
(146, 'Кура', 12, 0, 1),
(147, 'автомобиль', 5, 0, 1),
(148, 'акваланг', 3, 0, 1),
(149, 'акр', 3, 0, 1),
(150, 'вазы', 3, 0, 1),
(151, 'вещества', 5, 0, 1),
(152, 'вещественный', 5, 0, 1),
(153, 'вещество', 5, 0, 1),
(154, 'влага', 3, 0, 1),
(155, 'во', 9, 0, 1),
(156, 'врачи', 3, 0, 1),
(157, 'вулканы', 3, 0, 1),
(158, 'вязали', 3, 0, 1),
(159, 'газы', 5, 0, 1),
(160, 'галлы', 3, 0, 1),
(161, 'гладь', 3, 0, 1),
(162, 'грань', 3, 0, 1),
(163, 'гурман', 3, 0, 1),
(164, 'каждый', 5, 0, 1),
(165, 'казаки', 3, 0, 1),
(166, 'кандидат', 5, 0, 1),
(167, 'канцелярия', 5, 0, 1),
(168, 'капитал', 3, 0, 1),
(169, 'карты', 3, 0, 1),
(170, 'класс', 3, 0, 1),
(171, 'краб', 3, 0, 1),
(172, 'кулаки', 3, 0, 1),
(173, 'культ', 3, 0, 1),
(174, 'магазин', 5, 0, 1),
(175, 'машина', 5, 0, 1),
(176, 'министерство', 5, 0, 1),
(177, 'накал', 3, 0, 1),
(178, 'народ', 5, 0, 1),
(179, 'начальник', 3, 0, 1),
(180, 'наша партия', 4, 0, 1),
(181, 'наша страна', 4, 0, 1),
(182, 'наша фабрика', 4, 0, 1),
(183, 'наше правительство', 4, 0, 1),
(184, 'наши приборы', 4, 0, 1),
(185, 'наш народ', 4, 0, 1),
(186, 'партия', 5, 0, 1),
(187, 'площадь', 5, 0, 1),
(188, 'по', 9, 0, 1),
(189, 'прибор', 5, 0, 1),
(190, 'приборный', 5, 0, 1),
(191, 'приборы', 5, 0, 1),
(192, 'прогул', 3, 0, 1),
(193, 'республики', 5, 0, 1),
(194, 'республику', 5, 0, 1),
(195, 'состязание', 3, 0, 1),
(196, 'сталь', 3, 0, 1),
(197, 'старт', 3, 0, 1),
(198, 'та', 3, 0, 1),
(199, 'тазы', 3, 0, 1),
(200, 'такая', 5, 0, 1),
(201, 'так же', 4, 0, 1),
(202, 'такой', 5, 0, 1),
(203, 'такой же', 5, 0, 1),
(204, 'тара', 3, 0, 1),
(205, 'тля', 3, 0, 1),
(206, 'халва', 3, 0, 1),
(207, 'хрящ', 3, 0, 1),
(208, 'Иван', 12, 0, 1),
(209, 'Иран', 12, 0, 1),
(210, 'Истра', 12, 0, 1),
(211, 'время', 5, 0, 1),
(212, 'глава', 5, 0, 1),
(213, 'громадный', 5, 0, 1),
(214, 'жизнь', 3, 0, 1),
(215, 'игра', 3, 0, 1),
(216, 'иди', 3, 0, 1),
(217, 'избы', 3, 0, 1),
(218, 'ил', 3, 0, 1),
(219, 'им', 3, 0, 1),
(220, 'ими', 3, 0, 1),
(221, 'кисти', 3, 0, 1),
(222, 'книги', 3, 0, 1),
(223, 'ключ', 8, 0, 1),
(224, 'который', 5, 0, 1),
(225, 'крыло', 3, 0, 1),
(226, 'культура', 5, 0, 1),
(227, 'мил', 3, 0, 1),
(228, 'мыл', 3, 0, 1),
(229, 'граф', 10, 0, 1),
(230, 'пили', 3, 0, 1),
(231, 'пища', 3, 0, 1),
(232, 'почва', 5, 0, 1),
(233, 'почему', 5, 0, 1),
(234, 'птица', 3, 0, 1),
(235, 'рис', 3, 0, 1),
(236, 'рысь', 3, 0, 1),
(237, 'снимать', 3, 0, 1),
(238, 'старик', 3, 0, 1),
(239, 'стиль', 3, 0, 1),
(240, 'страница', 3, 0, 1),
(241, 'стрижи', 3, 0, 1),
(242, 'характер', 5, 0, 1),
(243, 'хлеб', 5, 0, 1),
(244, 'Байкал', 12, 0, 1),
(245, 'Сибирь', 12, 0, 1),
(246, 'барабанщик', 3, 0, 1),
(247, 'библиотека', 5, 0, 1),
(248, 'битва', 3, 0, 1),
(249, 'видимо', 3, 0, 1),
(250, 'включайте', 3, 0, 1),
(251, 'выбирать', 3, 0, 1),
(252, 'выйди', 3, 0, 1),
(253, 'высокий', 5, 0, 1),
(254, 'глыба', 3, 0, 1),
(255, 'директива', 5, 0, 1),
(256, 'дисциплина', 5, 0, 1),
(257, 'жилище', 3, 0, 1),
(258, 'ибис', 3, 0, 1),
(259, 'ибо', 3, 0, 1),
(260, 'кибернетика', 5, 0, 1),
(261, 'лирика', 3, 0, 1),
(262, 'литература', 5, 0, 1),
(263, 'магистраль', 5, 0, 1),
(264, 'мысль', 5, 0, 1),
(265, 'письмо', 3, 0, 1),
(266, 'принцип', 5, 0, 1),
(267, 'природа', 5, 0, 1),
(268, 'работник', 5, 0, 1),
(269, 'система', 5, 0, 1),
(270, 'смазчик', 3, 0, 1),
(271, 'стайка', 3, 0, 1),
(272, 'тайга', 3, 0, 1),
(273, 'тираж', 3, 0, 1),
(274, 'физика', 5, 0, 1),
(275, 'химия', 5, 0, 1),
(276, 'число', 5, 0, 1),
(277, 'широкий', 5, 0, 1),
(278, 'школьник', 5, 0, 1),
(279, 'Африка', 12, 0, 1),
(280, 'Нева', 12, 0, 1),
(281, 'Неман', 12, 0, 1),
(282, 'беда', 3, 0, 1),
(283, 'ведает', 3, 0, 1),
(284, 'ведаете', 3, 0, 1),
(285, 'ведет', 3, 0, 1),
(286, 'везет', 3, 0, 1),
(287, 'видно', 3, 0, 1),
(288, 'вредно', 3, 0, 1),
(289, 'вышедший', 5, 0, 1),
(290, 'в этом', 4, 0, 1),
(291, 'дает', 3, 0, 1),
(292, 'даете', 3, 0, 1),
(293, 'добейте', 3, 0, 1),
(294, 'егерь', 3, 0, 1),
(295, 'еда', 3, 0, 1),
(296, 'ее', 3, 0, 1),
(297, 'еж', 3, 0, 1),
(298, 'езда', 3, 0, 1),
(299, 'ель', 3, 0, 1),
(300, 'знает', 3, 0, 1),
(301, 'имеет', 3, 0, 1),
(302, 'имеете', 3, 0, 1),
(303, 'каменщик', 3, 0, 1),
(304, 'лекция', 5, 0, 1),
(305, 'льет', 3, 0, 1),
(306, 'межа', 3, 0, 1),
(307, 'мельник', 3, 0, 1),
(308, 'метает', 3, 0, 1),
(309, 'метать', 3, 0, 1),
(310, 'метет', 3, 0, 1),
(311, 'мечта', 3, 0, 1),
(312, 'нашедший', 5, 0, 1),
(313, 'на этом', 4, 0, 1),
(314, 'не', 9, 0, 1),
(315, 'небеса', 3, 0, 1),
(316, 'негр', 3, 0, 1),
(317, 'нежность', 3, 0, 1),
(318, 'некоторый', 5, 0, 1),
(319, 'некто', 3, 0, 1),
(320, 'нес', 3, 0, 1),
(321, 'несет', 3, 0, 1),
(322, 'нечто', 5, 0, 1),
(323, 'но', 9, 0, 1),
(324, 'новый', 5, 0, 1),
(325, 'нога', 3, 0, 1),
(326, 'ночь', 3, 0, 1),
(327, 'нужно', 3, 0, 1),
(328, 'оно', 3, 0, 1),
(329, 'песня', 3, 0, 1),
(330, 'письмецо', 3, 0, 1),
(331, 'поезд', 3, 0, 1),
(332, 'поет', 3, 0, 1),
(333, 'положение', 5, 0, 1),
(334, 'пресс', 3, 0, 1),
(335, 'пришедший', 5, 0, 1),
(336, 'при этом', 4, 0, 1),
(337, 'прочно', 3, 0, 1),
(338, 'птенчик', 3, 0, 1),
(339, 'рецепт', 3, 0, 1),
(340, 'сеет', 3, 0, 1),
(341, 'сошедший', 5, 0, 1),
(342, 'стекает', 3, 0, 1),
(343, 'стихает', 3, 0, 1),
(344, 'страшно', 3, 0, 1),
(345, 'стрела', 3, 0, 1),
(346, 'эра', 3, 0, 1),
(347, 'эта', 5, 0, 1),
(348, 'это', 5, 0, 1),
(349, 'этот', 5, 0, 1),
(350, 'эту', 5, 0, 1),
(351, 'В СССР самая большая республика — РСФСР', 6, 0, 1),
(352, 'Где ваше пальто?', 6, 0, 1),
(557, 'Астрахань', 12, 0, 1),
(353, 'Ваш бал - 5.', 6, 0, 1),
(354, 'бал', 3, 0, 1),
(355, 'баланс', 3, 0, 1),
(356, 'где', 3, 0, 1),
(357, 'дары', 3, 0, 1),
(358, 'дарю', 3, 0, 1),
(359, 'джазу', 3, 0, 1),
(360, 'зябко', 3, 0, 1),
(361, 'как', 3, 0, 1),
(362, 'касатка', 3, 0, 1),
(363, 'кашлял', 3, 0, 1),
(364, 'лямки', 3, 0, 1),
(365, 'мал', 3, 0, 1),
(366, 'маляры', 3, 0, 1),
(367, 'между', 3, 0, 1),
(368, 'мягче и мягче', 7, 0, 1),
(369, 'мял', 3, 0, 1),
(370, 'мясо', 3, 0, 1),
(371, 'мясу', 3, 0, 1),
(372, 'нарзан', 3, 0, 1),
(373, 'наш', 3, 0, 1),
(374, 'парад', 3, 0, 1),
(375, 'рад', 3, 0, 1),
(376, 'раньше и раньше', 7, 0, 1),
(377, 'ряд за рядом', 7, 0, 1),
(378, 'сажал', 3, 0, 1),
(379, 'сама', 3, 0, 1),
(380, 'самбо', 3, 0, 1),
(381, 'слаще', 3, 0, 1),
(382, 'смято', 3, 0, 1),
(383, 'такса', 3, 0, 1),
(384, 'такси', 3, 0, 1),
(385, 'танки', 3, 0, 1),
(386, 'тягач', 3, 0, 1),
(387, 'флаги', 3, 0, 1),
(388, 'фляги', 3, 0, 1),
(389, 'хамса', 3, 0, 1),
(390, 'час за часом', 7, 0, 1),
(391, 'чаще и чаще', 7, 0, 1),
(392, 'шали', 3, 0, 1),
(393, 'шарманка', 3, 0, 1),
(394, 'шарф', 3, 0, 1),
(395, 'шарфу', 3, 0, 1),
(396, 'шкаф', 3, 0, 1),
(397, 'шланг', 3, 0, 1),
(398, 'шляпа', 3, 0, 1),
(399, 'шляпу', 3, 0, 1),
(400, 'В нашем парке сажали каштаны.', 6, 0, 1),
(401, 'Где вы нашли второй мяч?', 6, 0, 1),
(402, 'Где каналы там сады и бахчи', 6, 0, 1),
(403, 'Жатва начата раньше.', 6, 0, 1),
(404, 'Как у вас шла сдача ржи?', 6, 0, 1),
(405, 'Матч Спартака и ЦСКА начат.', 6, 0, 1),
(406, 'На параде мы шли ряд за рядом.', 6, 0, 1),
(407, 'Нам нужна марля и вата.', 6, 0, 1),
(408, 'Нас ждали в ЦК.', 6, 0, 1),
(409, 'Санки мы брали у брата.', 6, 0, 1),
(410, 'Чьи папки в шкафу?', 6, 0, 1),
(411, 'Тиражи книг Ленина громадны', 6, 0, 1),
(412, 'Директивные письма быстро написаны и посланы.', 6, 0, 1),
(413, 'Дисциплина и сознательность важны и на работе и в быту.', 6, 0, 1),
(414, 'В принципе вы с ними согласны?', 6, 0, 1),
(415, 'На центральной пристани работал сильный динамик.', 6, 0, 1),
(416, 'Капитаны нам часто писали письма.', 6, 0, 1),
(417, 'Вы говорили нам, что наш финиш здесь?', 6, 0, 1),
(418, 'Иртыш и Ангара широки и красивы.', 6, 0, 1),
(419, 'Артистам цирка дали временное жилище в Центральном парке.', 6, 0, 1),
(420, 'Мы пошли в цирк с нашей школой. ', 6, 0, 1),
(421, 'Пильщик начал работать.', 6, 0, 1),
(422, 'Европа', 12, 0, 1),
(423, 'великий', 5, 0, 1),
(424, 'в результате', 4, 0, 1),
(425, 'демократия', 5, 0, 1),
(426, 'депутат', 5, 0, 1),
(427, 'если', 5, 0, 1),
(428, 'земля', 5, 0, 1),
(429, 'кий', 3, 0, 1),
(430, 'куй', 3, 0, 1),
(431, 'медицина', 5, 0, 1),
(432, 'металл', 5, 0, 1),
(433, 'механика', 5, 0, 1),
(434, 'нельзя', 5, 0, 1),
(435, 'нефть', 5, 0, 1),
(436, 'пай', 3, 0, 1),
(437, 'пей', 3, 0, 1),
(438, 'пой', 3, 0, 1),
(439, 'работай', 5, 0, 1),
(440, 'работой', 5, 0, 1),
(441, 'рабочий', 5, 0, 1),
(442, 'революция', 5, 0, 1),
(443, 'результат', 5, 0, 1),
(444, 'сегодня', 5, 0, 1),
(445, 'секретарь', 5, 0, 1),
(446, 'стенография', 3, 0, 1),
(447, 'человек', 5, 0, 1),
(448, 'через', 5, 0, 1),
(449, 'экономика', 5, 0, 1),
(450, 'экономия', 5, 0, 1),
(451, 'электричество', 5, 0, 1),
(452, 'энергия', 5, 0, 1),
(453, 'ай', 10, 0, 1),
(454, 'ий', 10, 0, 1),
(455, 'ей', 10, 0, 1),
(456, 'ой', 10, 0, 1),
(457, 'уй', 10, 0, 1),
(458, 'шл', 2, 0, 1),
(459, 'шр', 2, 0, 1),
(460, 'Елена', 12, 0, 1),
(461, 'Эльба', 12, 0, 1),
(462, 'алебастр', 3, 0, 1),
(463, 'белка', 3, 0, 1),
(464, 'белый', 5, 0, 1),
(465, 'бил', 3, 0, 1),
(466, 'вал', 3, 0, 1),
(467, 'вел', 3, 0, 1),
(468, 'весело', 3, 0, 1),
(469, 'веселье', 3, 0, 1),
(470, 'весло', 3, 0, 1),
(471, 'весна', 3, 0, 1),
(472, 'вести', 3, 0, 1),
(473, 'вил', 3, 0, 1),
(474, 'ежик', 3, 0, 1),
(475, 'ел', 3, 0, 1),
(476, 'ели', 3, 0, 1),
(477, 'елка', 3, 0, 1),
(478, 'или', 3, 0, 1),
(479, 'кузнец', 3, 0, 1),
(480, 'кузница', 3, 0, 1),
(481, 'кулинар', 3, 0, 1),
(482, 'марка', 3, 0, 1),
(483, 'мел', 3, 0, 1),
(484, 'мерка', 3, 0, 1),
(485, 'пестро', 3, 0, 1),
(486, 'преградить', 3, 0, 1),
(487, 'прекрасен', 3, 0, 1),
(488, 'ребро', 3, 0, 1),
(489, 'ребята', 3, 0, 1),
(490, 'режет', 3, 0, 1),
(491, 'рецензия', 3, 0, 1),
(492, 'сев', 3, 0, 1),
(493, 'семестр', 3, 0, 1),
(494, 'сестра', 3, 0, 1),
(495, 'снег', 3, 0, 1),
(496, 'стены', 3, 0, 1),
(497, 'стратег', 3, 0, 1),
(498, 'тема', 3, 0, 1),
(499, 'темень', 3, 0, 1),
(500, 'экран', 3, 0, 1),
(501, 'эхо', 3, 0, 1),
(502, 'АСУ', 12, 0, 1),
(503, 'Анапа', 12, 0, 1),
(504, 'Анна', 12, 0, 1),
(505, 'Арзамас', 12, 0, 1),
(506, 'Ашхабад', 12, 0, 1),
(507, 'ВДНХ', 12, 0, 1),
(508, 'Вахш', 12, 0, 1),
(509, 'ГТО', 12, 0, 1),
(510, 'МГУ', 12, 0, 1),
(511, 'ЦЧО', 12, 0, 1),
(512, 'Центральная Черноземная область', 3, 0, 1),
(513, 'Ялта', 12, 0, 1),
(514, 'абзац', 3, 0, 1),
(515, 'абзац за абзацем', 7, 0, 1),
(516, 'агава', 3, 0, 1),
(517, 'азарт', 3, 0, 1),
(518, 'алмаз', 3, 0, 1),
(519, 'амальгамма', 3, 0, 1),
(520, 'аншлаг', 3, 0, 1),
(521, 'арабы', 3, 0, 1),
(522, 'арбы', 3, 0, 1),
(523, 'арка', 3, 0, 1),
(524, 'атака', 3, 0, 1),
(525, 'атака за атакой', 7, 0, 1),
(526, 'жарче и жарче', 7, 0, 1),
(527, 'нажать', 3, 0, 1),
(528, 'наждак', 3, 0, 1),
(529, 'явка', 3, 0, 1),
(530, 'яма', 3, 0, 1),
(531, 'ярд', 3, 0, 1),
(532, 'ярко', 3, 0, 1),
(533, 'ярмарка', 3, 0, 1),
(534, 'ярче и ярче', 7, 0, 1),
(535, 'ясли', 3, 0, 1),
(536, 'Китай', 12, 0, 1),
(537, 'витамин', 3, 0, 1),
(538, 'дыра', 3, 0, 1),
(539, 'жасмин', 3, 0, 1),
(540, 'кипа', 3, 0, 1),
(541, 'кирка', 3, 0, 1),
(542, 'лыжи', 3, 0, 1),
(543, 'лыко', 3, 0, 1),
(544, 'май', 3, 0, 1),
(545, 'майка', 3, 0, 1),
(546, 'маслины', 3, 0, 1),
(547, 'мой', 3, 0, 1),
(548, 'мотив', 3, 0, 1),
(549, 'пейзаж', 3, 0, 1),
(550, 'ручей', 3, 0, 1),
(551, 'улей', 3, 0, 1),
(552, 'сн', 2, 0, 1),
(553, 'зн', 2, 0, 1),
(554, 'ст', 2, 0, 1),
(555, 'стр', 2, 0, 1),
(556, 'пр', 2, 0, 1),
(558, 'астры', 3, 0, 1),
(559, 'знамя', 3, 0, 1),
(560, 'значки', 3, 0, 1),
(561, 'масть', 3, 0, 1),
(562, 'пасти', 3, 0, 1),
(563, 'прачки', 3, 0, 1),
(564, 'пряди', 3, 0, 1),
(565, 'пряжка', 3, 0, 1),
(566, 'пряли', 3, 0, 1),
(567, 'прясть', 3, 0, 1),
(568, 'сани', 3, 0, 1),
(569, 'снасти', 3, 0, 1),
(570, 'сны', 3, 0, 1),
(571, 'сняли', 3, 0, 1),
(572, 'спасать', 3, 0, 1),
(573, 'спасти', 3, 0, 1),
(574, 'стада', 3, 0, 1),
(575, 'статьи', 3, 0, 1),
(576, 'статья', 3, 0, 1),
(577, 'стачка', 3, 0, 1),
(578, 'страда', 3, 0, 1),
(579, 'страдали', 3, 0, 1),
(580, 'страдать', 3, 0, 1),
(581, 'стража', 3, 0, 1),
(582, 'стряхни', 3, 0, 1),
(583, 'счастье', 3, 0, 1),
(584, 'частый', 3, 0, 1),
(585, 'ясно', 3, 0, 1),
(586, 'ясный', 3, 0, 1),
(587, 'Где здесь ваш личный работа????(неточный перевод)', 6, 0, 1),
(588, 'Поговорим на собрании о важности строительства такого центра', 6, 0, 1),
(589, 'Как вы знали на правительству????(неточный перевод)', 6, 0, 1),
(590, 'Вы послали ?? (не весь перевод)', 6, 0, 1),
(591, 'Как вы в тайге работали на строительстве железной дороги', 6, 0, 1),
(592, 'На здешней фабрике начали прясть пряжу', 6, 0, 1),
(593, 'Прочти также статьи о сельском хозяйстве республики', 6, 0, 1),
(594, 'Может быть у вас на фабрике решать по работе', 6, 0, 1),
(595, 'Наш стаж работы на строительстве так мал', 6, 0, 1),
(596, 'У вас сомнение та ли здесь станция назначения?', 6, 0, 1),
(597, 'адаптация', 3, 0, 1),
(598, 'важность', 3, 0, 1),
(599, 'впервые', 3, 0, 1),
(600, 'год за годом', 7, 0, 1),
(601, 'давным давно', 7, 0, 1),
(602, 'двести девятый', 11, 0, 1),
(603, 'до сих пор', 4, 0, 1),
(604, 'до тех пор', 4, 0, 1),
(605, 'договоры', 3, 0, 1),
(606, 'какая', 3, 0, 1),
(607, 'может быть', 4, 0, 1),
(608, 'назначающийся', 3, 0, 1),
(609, 'площади', 3, 0, 1),
(610, 'познание', 3, 0, 1),
(611, 'прощали', 3, 0, 1),
(612, 'прощание', 3, 0, 1),
(613, 'прощать', 3, 0, 1),
(614, 'пятидесятый', 3, 0, 1),
(615, 'работавший', 3, 0, 1),
(616, 'рация', 3, 0, 1),
(617, 'решав', 3, 0, 1),
(618, 'санкция', 3, 0, 1),
(619, 'сего года', 4, 0, 1),
(620, 'сознательность', 3, 0, 1),
(621, 'так что', 4, 0, 1),
(622, 'текущий год', 4, 0, 1),
(623, 'фабричный', 3, 0, 1),
(624, 'фракция', 3, 0, 1),
(625, 'шестьсот пятьдесят пять', 11, 0, 1),
(626, 'автобаза', 5, 0, 1),
(627, 'автомобильный', 5, 0, 1),
(628, 'автопарк', 3, 0, 1),
(629, 'авторалли', 3, 0, 1),
(630, 'административный', 5, 0, 1),
(631, 'администрация', 5, 0, 1),
(632, 'актив', 5, 0, 1),
(633, 'активность', 5, 0, 1),
(634, 'активный', 5, 0, 1),
(635, 'аппарат', 5, 0, 1),
(636, 'атом', 5, 0, 1),
(637, 'капитальность', 5, 0, 1),
(638, 'капитальный', 5, 0, 1),
(639, 'лагерь', 5, 0, 1),
(640, 'машинный', 5, 0, 1),
(641, 'народность', 5, 0, 1),
(642, 'народный', 5, 0, 1),
(643, 'начальники', 5, 0, 1),
(644, 'наша республика', 4, 0, 1),
(645, 'наша школа', 4, 0, 1),
(646, 'наше сельское хозяйство', 4, 0, 1),
(647, 'наше строительство', 4, 0, 1),
(648, 'наше хозяйство', 4, 0, 1),
(649, 'наши кандидаты', 4, 0, 1),
(650, 'наши машины', 4, 0, 1),
(651, 'партийность', 5, 0, 1),
(652, 'партийный', 5, 0, 1),
(653, 'практика', 5, 0, 1),
(654, 'практичность', 5, 0, 1),
(655, 'практичный', 5, 0, 1),
(656, 'снабжавшийся', 3, 0, 1),
(657, 'снабжающий', 3, 0, 1),
(658, 'снабжение', 3, 0, 1),
(659, 'язык', 3, 0, 1),
(660, 'январь', 3, 0, 1),
(661, 'Белка быстро бежит по ветвям', 6, 0, 1),
(662, 'В весеннее время в сельском хозяйстве важен каждый день и даже каждый час', 6, 0, 1),
(663, 'В лесу слышен выстрел', 6, 0, 1),
(664, 'Весёлая песня гремела на другом берегу', 6, 0, 1),
(665, 'Елена вышла в сад с лейкой чтобы полить цветы', 6, 0, 1),
(666, 'Книги лежат в канцелярии в шкафу', 6, 0, 1),
(667, 'Мальчики весело играли в парке ???', 6, 0, 1),
(668, 'На экране мы видели красивые виды Швейцарии', 6, 0, 1),
(669, 'На стене висят прекрасные картины Репина и Шишкина', 6, 0, 1),
(670, 'Нам дали на время работы жилище в центре села', 6, 0, 1),
(671, 'Покажите на карте реки Днепр, Днестр, Терек и Лену.', 6, 0, 1),
(672, 'Сестра нарезала хлеб и дала каждому из нас.', 6, 0, 1),
(673, 'а', 1, 0, 1),
(674, 'б', 1, 0, 1),
(675, 'в', 1, 0, 1),
(676, 'г', 1, 0, 1),
(677, 'д', 1, 0, 1),
(678, 'е', 1, 0, 1),
(679, 'ж', 1, 0, 1),
(680, 'з', 1, 0, 1),
(681, 'и', 1, 0, 1),
(682, 'к', 1, 0, 1),
(683, 'л', 1, 0, 1),
(684, 'м', 1, 0, 1),
(685, 'н', 1, 0, 1),
(686, 'о', 1, 0, 1),
(687, 'п', 1, 0, 1),
(688, 'р', 1, 0, 1),
(689, 'с', 1, 0, 1),
(690, 'т', 1, 0, 1),
(691, 'у', 1, 0, 1),
(692, 'ф', 1, 0, 1),
(693, 'х', 1, 0, 1),
(694, 'ц', 1, 0, 1),
(695, 'ц (конечное)', 1, 0, 1),
(696, 'ч', 1, 0, 1),
(697, 'ш', 1, 0, 1),
(698, 'щ', 1, 0, 1),
(699, 'ы', 1, 0, 1),
(700, 'э', 1, 0, 1),
(701, 'ю', 1, 0, 1),
(702, 'я', 1, 0, 1),
(703, 'так как', 4, 0, 1),
(704, 'железная дорога', 4, 0, 1),
(705, 'сельское хозяйство', 4, 0, 1),
(706, 'со', 9, 0, 1),
(707, 'до', 9, 0, 1),
(708, 'про', 9, 0, 1),
(709, 'лич', 8, 0, 1),
(710, 'говор', 8, 0, 1),
(711, 'реш', 8, 0, 1),
(712, 'щий', 10, 0, 1),
(713, 'ющий', 10, 0, 1),
(714, 'ший', 10, 0, 1),
(715, 'вший', 10, 0, 1),
(716, 'ный', 10, 0, 1),
(717, 'ся', 10, 0, 1),
(718, 'ца', 10, 0, 1),
(719, 'ция', 10, 0, 1),
(720, 'кция', 10, 0, 1),
(721, 'нция', 10, 0, 1),
(722, 'сный', 10, 0, 1),
(723, 'зный', 10, 0, 1),
(724, 'ность', 10, 0, 1),
(725, 'тельность', 10, 0, 1),
(726, 'ние', 10, 0, 1),
(727, 'нание', 10, 0, 1),
(728, 'нение', 10, 0, 1),
(729, 'лнение', 10, 0, 1);

-- --------------------------------------------------------

--
-- Структура таблицы `users`
--

CREATE TABLE `users` (
  `id` int(11) NOT NULL,
  `login` varchar(50) NOT NULL,
  `password` varchar(50) NOT NULL,
  `name` varchar(100) NOT NULL,
  `title` varchar(100) NOT NULL,
  `position` varchar(100) NOT NULL,
  `status` enum('0','1') NOT NULL DEFAULT '1'
) ENGINE=MyISAM DEFAULT CHARSET=utf8;

--
-- Дамп данных таблицы `users`
--

INSERT INTO `users` (`id`, `login`, `password`, `name`, `title`, `position`, `status`) VALUES
(1, 'Priymak', '123', 'Владимир', 'Приймак В.', 'admin', '1');

-- --------------------------------------------------------

--
-- Структура таблицы `visits`
--

CREATE TABLE `visits` (
  `id` int(11) NOT NULL,
  `type` varchar(50) NOT NULL,
  `date` varchar(100) NOT NULL
) ENGINE=MyISAM DEFAULT CHARSET=utf8 ROW_FORMAT=DYNAMIC;

--
-- Дамп данных таблицы `visits`
--

INSERT INTO `visits` (`id`, `type`, `date`) VALUES
(1, 'main', '1563712169'),
(2, 'main', '1563723131'),
(3, 'main', '1563723163'),
(4, 'main', '1563735800'),
(5, 'main', '1563816526'),
(6, 'main', '1563820461'),
(7, 'main', '1563820487'),
(8, 'main', '1563820496'),
(9, 'main', '1563899632'),
(10, 'main', '1563899651'),
(11, 'main', '1563907150'),
(12, 'main', '1563993507'),
(13, 'main', '1563993668'),
(14, 'main', '1563993705'),
(15, 'main', '1564079622'),
(16, 'main', '1564079693'),
(17, 'main', '1564079733'),
(18, 'main', '1564079759'),
(19, 'main', '1564080466'),
(20, 'main', '1564084887'),
(21, 'main', '1564164842'),
(22, 'main', '1564202292'),
(23, 'main', '1564250334'),
(24, 'main', '1564314448'),
(25, 'main', '1564316362'),
(26, 'main', '1564316376'),
(27, 'main', '1564339830'),
(28, 'main', '1564422298'),
(29, 'main', '1564422358'),
(30, 'main', '1564423294'),
(31, 'main', '1564424735'),
(32, 'main', '1564510006'),
(33, 'main', '1564510471'),
(34, 'main', '1564596648'),
(35, 'main', '1564597139'),
(36, 'main', '1564597155'),
(37, 'main', '1564599770'),
(38, 'main', '1564682004'),
(39, 'main', '1564767370'),
(40, 'main', '1564767480'),
(41, 'main', '1564773122'),
(42, 'main', '1564831549'),
(43, 'main', '1564838612'),
(44, 'main', '1564838629'),
(45, 'main', '1564840064'),
(46, 'main', '1564840926'),
(47, 'main', '1564842132'),
(48, 'main', '1564896455'),
(49, 'main', '1564898733'),
(50, 'main', '1564898772'),
(51, 'main', '1564898799'),
(52, 'main', '1564899164'),
(53, 'main', '1564920637'),
(54, 'main', '1564931835'),
(55, 'main', '1564932366'),
(56, 'main', '1564933811'),
(57, 'main', '1564934022'),
(58, 'main', '1564934067'),
(59, 'main', '1564934255'),
(60, 'main', '1564934415'),
(61, 'main', '1564934712'),
(62, 'main', '1564934908'),
(63, 'main', '1564935121'),
(64, 'main', '1564935355'),
(65, 'main', '1564935516'),
(66, 'main', '1564935871'),
(67, 'main', '1564936097'),
(68, 'main', '1564936279'),
(69, 'main', '1564936461'),
(70, 'main', '1564936669'),
(71, 'main', '1564936869'),
(72, 'main', '1564937098'),
(73, 'main', '1564937375'),
(74, 'main', '1564937621'),
(75, 'main', '1564937888'),
(76, 'main', '1564941494'),
(77, 'main', '1564941819'),
(78, 'main', '1564942086'),
(79, 'main', '1564942291'),
(80, 'main', '1564942448'),
(81, 'main', '1564942620'),
(82, 'main', '1564942799'),
(83, 'main', '1564942936'),
(84, 'main', '1564943110'),
(85, 'main', '1564943282'),
(86, 'main', '1564943461'),
(87, 'main', '1564943578');

--
-- Индексы сохранённых таблиц
--

--
-- Индексы таблицы `images`
--
ALTER TABLE `images`
  ADD PRIMARY KEY (`id`);

--
-- Индексы таблицы `rules`
--
ALTER TABLE `rules`
  ADD PRIMARY KEY (`id`);

--
-- Индексы таблицы `rules_categories`
--
ALTER TABLE `rules_categories`
  ADD PRIMARY KEY (`id`);

--
-- Индексы таблицы `rules_examples`
--
ALTER TABLE `rules_examples`
  ADD PRIMARY KEY (`id`);

--
-- Индексы таблицы `sounds`
--
ALTER TABLE `sounds`
  ADD PRIMARY KEY (`id`);

--
-- Индексы таблицы `sounds_old`
--
ALTER TABLE `sounds_old`
  ADD PRIMARY KEY (`id`);

--
-- Индексы таблицы `terms`
--
ALTER TABLE `terms`
  ADD PRIMARY KEY (`id`);

--
-- Индексы таблицы `users`
--
ALTER TABLE `users`
  ADD PRIMARY KEY (`id`),
  ADD UNIQUE KEY `login` (`login`);

--
-- Индексы таблицы `visits`
--
ALTER TABLE `visits`
  ADD PRIMARY KEY (`id`);

--
-- AUTO_INCREMENT для сохранённых таблиц
--

--
-- AUTO_INCREMENT для таблицы `images`
--
ALTER TABLE `images`
  MODIFY `id` int(11) NOT NULL AUTO_INCREMENT, AUTO_INCREMENT=793;
--
-- AUTO_INCREMENT для таблицы `rules`
--
ALTER TABLE `rules`
  MODIFY `id` int(11) NOT NULL AUTO_INCREMENT, AUTO_INCREMENT=20;
--
-- AUTO_INCREMENT для таблицы `rules_categories`
--
ALTER TABLE `rules_categories`
  MODIFY `id` int(11) NOT NULL AUTO_INCREMENT, AUTO_INCREMENT=9;
--
-- AUTO_INCREMENT для таблицы `rules_examples`
--
ALTER TABLE `rules_examples`
  MODIFY `id` int(11) NOT NULL AUTO_INCREMENT, AUTO_INCREMENT=137;
--
-- AUTO_INCREMENT для таблицы `sounds`
--
ALTER TABLE `sounds`
  MODIFY `id` int(11) NOT NULL AUTO_INCREMENT, AUTO_INCREMENT=637;
--
-- AUTO_INCREMENT для таблицы `sounds_old`
--
ALTER TABLE `sounds_old`
  MODIFY `id` int(11) NOT NULL AUTO_INCREMENT, AUTO_INCREMENT=26;
--
-- AUTO_INCREMENT для таблицы `terms`
--
ALTER TABLE `terms`
  MODIFY `id` int(11) NOT NULL AUTO_INCREMENT, AUTO_INCREMENT=730;
--
-- AUTO_INCREMENT для таблицы `users`
--
ALTER TABLE `users`
  MODIFY `id` int(11) NOT NULL AUTO_INCREMENT, AUTO_INCREMENT=9;
--
-- AUTO_INCREMENT для таблицы `visits`
--
ALTER TABLE `visits`
  MODIFY `id` int(11) NOT NULL AUTO_INCREMENT, AUTO_INCREMENT=88;
/*!40101 SET CHARACTER_SET_CLIENT=@OLD_CHARACTER_SET_CLIENT */;
/*!40101 SET CHARACTER_SET_RESULTS=@OLD_CHARACTER_SET_RESULTS */;
/*!40101 SET COLLATION_CONNECTION=@OLD_COLLATION_CONNECTION */;
