-- phpMyAdmin SQL Dump
-- version 4.6.5.2
-- https://www.phpmyadmin.net/
--
-- Хост: 127.0.0.1:3306
-- Время создания: Июл 20 2019 г., 17:06
-- Версия сервера: 5.5.53-log
-- Версия PHP: 5.6.29

SET SQL_MODE = "NO_AUTO_VALUE_ON_ZERO";
SET time_zone = "+00:00";


/*!40101 SET @OLD_CHARACTER_SET_CLIENT=@@CHARACTER_SET_CLIENT */;
/*!40101 SET @OLD_CHARACTER_SET_RESULTS=@@CHARACTER_SET_RESULTS */;
/*!40101 SET @OLD_COLLATION_CONNECTION=@@COLLATION_CONNECTION */;
/*!40101 SET NAMES utf8mb4 */;

--
-- База данных: `stenography`
--

-- --------------------------------------------------------

--
-- Структура таблицы `images`
--

CREATE TABLE `images` (
  `id` int(11) NOT NULL,
  `id_term` int(11) NOT NULL,
  `file` varchar(100) NOT NULL,
  `status` tinyint(2) NOT NULL DEFAULT '1'
) ENGINE=MyISAM DEFAULT CHARSET=utf8;

--
-- Дамп данных таблицы `images`
--

INSERT INTO `images` (`id`, `id_term`, `file`, `status`) VALUES
(1, 1, '1.jpg', 1),
(2, 2, '2.jpg', 1),
(3, 3, '3.jpg', 1),
(4, 4, '4.jpg', 1),
(5, 5, '5.jpg', 1),
(6, 6, '6.jpg', 1),
(7, 7, '7.jpg', 1),
(8, 8, '8.jpg', 1),
(9, 9, '9.jpg', 1),
(10, 10, '10.jpg', 1),
(11, 11, '11.jpg', 1),
(12, 12, '12.jpg', 1),
(13, 13, '13.jpg', 1),
(14, 14, '14.jpg', 1),
(15, 15, '15.jpg', 1),
(16, 16, '16.jpg', 1),
(17, 17, '17.jpg', 1),
(18, 18, '18.jpg', 1),
(19, 19, '19.jpg', 1),
(20, 20, '20.jpg', 1),
(21, 21, '21.jpg', 1),
(22, 22, '22.jpg', 1),
(23, 23, '23.jpg', 1),
(24, 24, '24.jpg', 1),
(25, 25, '25.jpg', 1),
(26, 26, '26.jpg', 1),
(27, 27, '27.jpg', 1),
(28, 28, '28.jpg', 1),
(29, 29, '29.jpg', 1),
(30, 30, '30.jpg', 1),
(31, 31, '31.jpg', 1),
(32, 32, '32.jpg', 1),
(33, 33, '33.jpg', 1),
(34, 34, '34.jpg', 1),
(35, 35, '35.jpg', 1),
(36, 36, '36.jpg', 1),
(37, 37, '37.jpg', 1),
(38, 38, '38.jpg', 1),
(39, 39, '39.jpg', 1),
(40, 40, '40.jpg', 1),
(41, 3, '41.jpg', 1),
(42, 41, '42.jpg', 1),
(43, 42, '43.jpg', 1),
(44, 43, '44.jpg', 1),
(45, 44, '45.jpg', 1),
(46, 45, '46.jpg', 1),
(47, 46, '47.jpg', 1),
(48, 47, '48.jpg', 1),
(49, 48, '49.jpg', 1),
(50, 49, '50.jpg', 1),
(51, 50, '51.jpg', 1),
(52, 51, '52.jpg', 1),
(53, 52, '53.jpg', 1),
(54, 53, '54.jpg', 1),
(55, 54, '55.jpg', 1),
(56, 55, '56.jpg', 1),
(57, 56, '57.jpg', 1),
(58, 57, '58.jpg', 1),
(59, 58, '59.jpg', 1),
(60, 59, '60.jpg', 1),
(61, 60, '61.jpg', 1),
(62, 61, '62.jpg', 1),
(63, 62, '63.jpg', 1),
(64, 63, '64.jpg', 1),
(65, 64, '65.jpg', 1),
(66, 65, '66.jpg', 1),
(67, 66, '67.jpg', 1),
(68, 67, '68.jpg', 1),
(69, 68, '69.jpg', 1),
(70, 69, '70.jpg', 1),
(71, 70, '71.jpg', 1),
(72, 71, '72.jpg', 1),
(73, 72, '73.jpg', 1),
(74, 73, '74.jpg', 1),
(75, 74, '75.jpg', 1),
(76, 75, '76.jpg', 1),
(77, 76, '77.jpg', 1),
(78, 77, '78.jpg', 1),
(79, 78, '79.jpg', 1),
(80, 79, '80.jpg', 1),
(81, 80, '81.jpg', 1),
(82, 81, '82.jpg', 1),
(83, 82, '83.jpg', 1),
(84, 83, '84.jpg', 1),
(85, 84, '85.jpg', 1),
(86, 85, '86.jpg', 1),
(87, 86, '87.jpg', 1),
(88, 87, '88.jpg', 1),
(89, 88, '89.jpg', 1),
(90, 89, '90.jpg', 1),
(91, 90, '91.jpg', 1),
(92, 91, '92.jpg', 1),
(93, 92, '93.jpg', 1),
(94, 93, '94.jpg', 1),
(95, 94, '95.jpg', 1),
(96, 95, '96.jpg', 1),
(97, 96, '97.jpg', 1),
(98, 97, '98.jpg', 1),
(99, 98, '99.jpg', 1),
(100, 99, '100.jpg', 1),
(101, 100, '101.jpg', 1),
(102, 101, '102.jpg', 1),
(103, 102, '103.jpg', 1),
(104, 103, '104.jpg', 1),
(105, 104, '105.jpg', 1),
(106, 105, '106.jpg', 1),
(107, 106, '107.jpg', 1),
(108, 107, '108.jpg', 1),
(109, 108, '109.jpg', 1),
(110, 109, '110.jpg', 1),
(111, 110, '111.jpg', 1),
(112, 111, '112.jpg', 1),
(113, 112, '113.jpg', 1),
(114, 113, '114.jpg', 1),
(115, 114, '115.jpg', 1),
(116, 115, '116.jpg', 1),
(117, 116, '117.jpg', 1),
(118, 117, '118.jpg', 1),
(119, 118, '119.jpg', 1),
(120, 119, '120.jpg', 1),
(121, 120, '121.jpg', 1),
(122, 121, '122.jpg', 1),
(123, 122, '123.jpg', 1),
(124, 123, '124.jpg', 1),
(125, 124, '125.jpg', 1),
(126, 125, '126.jpg', 1),
(127, 126, '127.jpg', 1),
(128, 127, '128.jpg', 1),
(129, 128, '129.jpg', 1),
(130, 129, '130.jpg', 1),
(131, 130, '131.jpg', 1),
(132, 131, '132.jpg', 1),
(133, 132, '133.jpg', 1),
(134, 133, '134.jpg', 1),
(135, 134, '135.jpg', 1),
(136, 135, '136.jpg', 1),
(137, 136, '137.jpg', 1),
(138, 137, '138.jpg', 1),
(139, 138, '139.jpg', 1),
(140, 139, '140.jpg', 1),
(141, 140, '141.jpg', 1),
(142, 141, '142.jpg', 1),
(143, 142, '143.jpg', 1),
(144, 143, '144.jpg', 1),
(145, 144, '145.jpg', 1),
(146, 145, '146.jpg', 1),
(147, 146, '147.jpg', 1),
(148, 147, '148.jpg', 1),
(149, 148, '149.jpg', 1),
(150, 149, '150.jpg', 1),
(151, 150, '151.jpg', 1),
(152, 151, '152.jpg', 1),
(153, 152, '153.jpg', 1),
(154, 153, '154.jpg', 1),
(155, 154, '155.jpg', 1),
(156, 155, '156.jpg', 1),
(157, 156, '157.jpg', 1),
(158, 157, '158.jpg', 1),
(159, 158, '159.jpg', 1),
(160, 159, '160.jpg', 1),
(161, 160, '161.jpg', 1),
(162, 161, '162.jpg', 1),
(163, 162, '163.jpg', 1),
(164, 163, '164.jpg', 1),
(165, 164, '165.jpg', 1),
(166, 165, '166.jpg', 1),
(167, 166, '167.jpg', 1),
(168, 167, '168.jpg', 1),
(169, 168, '169.jpg', 1),
(170, 169, '170.jpg', 1),
(171, 170, '171.jpg', 1),
(172, 171, '172.jpg', 1),
(173, 172, '173.jpg', 1),
(174, 173, '174.jpg', 1),
(175, 174, '175.jpg', 1),
(176, 175, '176.jpg', 1),
(177, 176, '177.jpg', 1),
(178, 90, '178.jpg', 1),
(179, 177, '179.jpg', 1),
(180, 178, '180.jpg', 1),
(181, 179, '181.jpg', 1),
(182, 180, '182.jpg', 1),
(183, 181, '183.jpg', 1),
(184, 182, '184.jpg', 1),
(185, 183, '185.jpg', 1),
(186, 184, '186.jpg', 1),
(187, 185, '187.jpg', 1),
(188, 186, '188.jpg', 1),
(189, 187, '189.jpg', 1),
(190, 188, '190.jpg', 1),
(191, 101, '191.jpg', 1),
(192, 189, '192.jpg', 1),
(193, 190, '193.jpg', 1),
(194, 191, '194.jpg', 1),
(195, 192, '195.jpg', 1),
(196, 107, '196.jpg', 1),
(197, 193, '197.jpg', 1),
(198, 194, '198.jpg', 1),
(199, 195, '199.jpg', 1),
(200, 196, '200.jpg', 1),
(201, 197, '201.jpg', 1),
(202, 198, '202.jpg', 1),
(203, 199, '203.jpg', 1),
(204, 134, '204.jpg', 1),
(205, 200, '205.jpg', 1),
(206, 201, '206.jpg', 1),
(207, 202, '207.jpg', 1),
(208, 203, '208.jpg', 1),
(209, 204, '209.jpg', 1),
(210, 205, '210.jpg', 1),
(211, 206, '211.jpg', 1),
(212, 207, '212.jpg', 1),
(213, 208, '213.jpg', 1),
(214, 209, '214.jpg', 1),
(215, 210, '215.jpg', 1),
(216, 211, '216.jpg', 1),
(217, 212, '217.jpg', 1),
(218, 213, '218.jpg', 1),
(219, 214, '219.jpg', 1),
(220, 215, '220.jpg', 1),
(221, 216, '221.jpg', 1),
(222, 217, '222.jpg', 1),
(223, 218, '223.jpg', 1),
(224, 219, '224.jpg', 1),
(225, 220, '225.jpg', 1),
(226, 221, '226.jpg', 1),
(227, 222, '227.jpg', 1),
(228, 223, '228.jpg', 1),
(229, 224, '229.jpg', 1),
(230, 225, '230.jpg', 1),
(231, 226, '231.jpg', 1),
(232, 227, '232.jpg', 1),
(233, 228, '233.jpg', 1),
(234, 229, '234.jpg', 1),
(235, 230, '235.jpg', 1),
(236, 231, '236.jpg', 1),
(237, 232, '237.jpg', 1),
(238, 233, '238.jpg', 1),
(239, 234, '239.jpg', 1),
(240, 235, '240.jpg', 1),
(241, 236, '241.jpg', 1),
(242, 237, '242.jpg', 1),
(243, 238, '243.jpg', 1),
(244, 239, '244.jpg', 1),
(245, 240, '245.jpg', 1),
(246, 241, '246.jpg', 1),
(247, 242, '247.jpg', 1),
(248, 243, '248.jpg', 1),
(249, 244, '249.jpg', 1),
(250, 245, '250.jpg', 1),
(251, 246, '251.jpg', 1),
(252, 247, '252.jpg', 1),
(253, 248, '253.jpg', 1),
(254, 249, '254.jpg', 1),
(255, 250, '255.jpg', 1),
(256, 251, '256.jpg', 1),
(257, 252, '257.jpg', 1),
(258, 253, '258.jpg', 1),
(259, 254, '259.jpg', 1),
(260, 255, '260.jpg', 1),
(261, 256, '261.jpg', 1),
(262, 257, '262.jpg', 1),
(263, 258, '263.jpg', 1),
(264, 259, '264.jpg', 1),
(265, 260, '265.jpg', 1),
(266, 261, '266.jpg', 1),
(267, 262, '267.jpg', 1),
(268, 263, '268.jpg', 1),
(269, 264, '269.jpg', 1),
(270, 179, '270.jpg', 1),
(271, 265, '271.jpg', 1),
(272, 266, '272.jpg', 1),
(273, 267, '273.jpg', 1),
(274, 268, '274.jpg', 1),
(275, 269, '275.jpg', 1),
(276, 270, '276.jpg', 1),
(277, 271, '277.jpg', 1),
(278, 272, '278.jpg', 1),
(279, 273, '279.jpg', 1),
(280, 274, '280.jpg', 1),
(281, 275, '281.jpg', 1),
(282, 276, '282.jpg', 1),
(283, 277, '283.jpg', 1),
(284, 278, '284.jpg', 1),
(285, 279, '285.jpg', 1),
(286, 280, '286.jpg', 1),
(287, 281, '287.jpg', 1),
(288, 282, '288.jpg', 1),
(289, 283, '289.jpg', 1),
(290, 284, '290.jpg', 1),
(291, 285, '291.jpg', 1),
(292, 286, '292.jpg', 1),
(293, 287, '293.jpg', 1),
(294, 288, '294.jpg', 1),
(295, 289, '295.jpg', 1),
(296, 290, '296.jpg', 1),
(297, 291, '297.jpg', 1),
(298, 292, '298.jpg', 1),
(299, 293, '299.jpg', 1),
(300, 294, '300.jpg', 1),
(301, 295, '301.jpg', 1),
(302, 296, '302.jpg', 1),
(303, 297, '303.jpg', 1),
(304, 298, '304.jpg', 1),
(305, 299, '305.jpg', 1),
(306, 300, '306.jpg', 1),
(307, 301, '307.jpg', 1),
(308, 302, '308.jpg', 1),
(309, 303, '309.jpg', 1),
(310, 304, '310.jpg', 1),
(311, 305, '311.jpg', 1),
(312, 306, '312.jpg', 1),
(313, 307, '313.jpg', 1),
(314, 308, '314.jpg', 1),
(315, 309, '315.jpg', 1),
(316, 310, '316.jpg', 1),
(317, 311, '317.jpg', 1),
(318, 91, '318.jpg', 1),
(319, 312, '319.jpg', 1),
(320, 313, '320.jpg', 1),
(321, 314, '321.jpg', 1),
(322, 315, '322.jpg', 1),
(323, 316, '323.jpg', 1),
(324, 317, '324.jpg', 1),
(325, 318, '325.jpg', 1),
(326, 319, '326.jpg', 1),
(327, 320, '327.jpg', 1),
(328, 321, '328.jpg', 1),
(329, 322, '329.jpg', 1),
(330, 323, '330.jpg', 1),
(331, 324, '331.jpg', 1),
(332, 325, '332.jpg', 1),
(333, 326, '333.jpg', 1),
(334, 327, '334.jpg', 1),
(335, 328, '335.jpg', 1),
(336, 329, '336.jpg', 1),
(337, 330, '337.jpg', 1),
(338, 331, '338.jpg', 1),
(339, 332, '339.jpg', 1),
(340, 333, '340.jpg', 1),
(341, 334, '341.jpg', 1),
(342, 335, '342.jpg', 1),
(343, 336, '343.jpg', 1),
(344, 337, '344.jpg', 1),
(345, 338, '345.jpg', 1),
(346, 339, '346.jpg', 1),
(347, 340, '347.jpg', 1),
(348, 341, '348.jpg', 1),
(349, 342, '349.jpg', 1),
(350, 343, '350.jpg', 1),
(351, 344, '351.jpg', 1),
(352, 345, '352.jpg', 1),
(353, 346, '353.jpg', 1),
(354, 347, '354.jpg', 1),
(355, 348, '355.jpg', 1),
(356, 349, '356.jpg', 1),
(357, 350, '357.jpg', 1),
(358, 352, '358.jpg', 1),
(359, 353, '359.jpg', 1),
(360, 354, '360.jpg', 1),
(361, 355, '361.jpg', 1),
(362, 356, '362.jpg', 1),
(363, 357, '363.jpg', 1),
(364, 358, '364.jpg', 1),
(365, 359, '365.jpg', 1),
(366, 360, '366.jpg', 1),
(367, 361, '367.jpg', 1),
(368, 362, '368.jpg', 1),
(369, 363, '369.jpg', 1),
(370, 364, '370.jpg', 1),
(371, 365, '371.jpg', 1),
(372, 366, '372.jpg', 1),
(373, 367, '373.jpg', 1),
(374, 368, '374.jpg', 1),
(375, 369, '375.jpg', 1),
(376, 370, '376.jpg', 1),
(377, 371, '377.jpg', 1),
(378, 91, '378.jpg', 1),
(379, 372, '379.jpg', 1),
(380, 373, '380.jpg', 1),
(381, 327, '381.jpg', 1),
(382, 374, '382.jpg', 1),
(383, 375, '383.jpg', 1),
(384, 376, '384.jpg', 1),
(385, 377, '385.jpg', 1),
(386, 378, '386.jpg', 1),
(387, 379, '387.jpg', 1),
(388, 380, '388.jpg', 1),
(389, 381, '389.jpg', 1),
(390, 382, '390.jpg', 1),
(391, 383, '391.jpg', 1),
(392, 384, '392.jpg', 1),
(393, 385, '393.jpg', 1),
(394, 386, '394.jpg', 1),
(395, 387, '395.jpg', 1),
(396, 388, '396.jpg', 1),
(397, 389, '397.jpg', 1),
(398, 390, '398.jpg', 1),
(399, 391, '399.jpg', 1),
(400, 392, '400.jpg', 1),
(401, 393, '401.jpg', 1),
(402, 394, '402.jpg', 1),
(403, 395, '403.jpg', 1),
(404, 396, '404.jpg', 1),
(405, 397, '405.jpg', 1),
(406, 24, '406.jpg', 1),
(407, 398, '407.jpg', 1),
(408, 399, '408.jpg', 1),
(409, 354, '409.jpg', 1),
(410, 355, '410.jpg', 1),
(411, 356, '411.jpg', 1),
(412, 357, '412.jpg', 1),
(413, 358, '413.jpg', 1),
(414, 359, '414.jpg', 1),
(415, 360, '415.jpg', 1),
(416, 361, '416.jpg', 1),
(417, 362, '417.jpg', 1),
(418, 363, '418.jpg', 1),
(419, 364, '419.jpg', 1),
(420, 365, '420.jpg', 1),
(421, 366, '421.jpg', 1),
(422, 367, '422.jpg', 1),
(423, 368, '423.jpg', 1),
(424, 369, '424.jpg', 1),
(425, 370, '425.jpg', 1),
(426, 371, '426.jpg', 1),
(427, 91, '427.jpg', 1),
(428, 372, '428.jpg', 1),
(429, 373, '429.jpg', 1),
(430, 327, '430.jpg', 1),
(431, 374, '431.jpg', 1),
(432, 375, '432.jpg', 1),
(433, 376, '433.jpg', 1),
(434, 377, '434.jpg', 1),
(435, 378, '435.jpg', 1),
(436, 379, '436.jpg', 1),
(437, 380, '437.jpg', 1),
(438, 381, '438.jpg', 1),
(439, 382, '439.jpg', 1),
(440, 383, '440.jpg', 1),
(441, 384, '441.jpg', 1),
(442, 385, '442.jpg', 1),
(443, 386, '443.jpg', 1),
(444, 387, '444.jpg', 1),
(445, 388, '445.jpg', 1),
(446, 389, '446.jpg', 1),
(447, 390, '447.jpg', 1),
(448, 391, '448.jpg', 1),
(449, 392, '449.jpg', 1),
(450, 393, '450.jpg', 1),
(451, 394, '451.jpg', 1),
(452, 395, '452.jpg', 1),
(453, 396, '453.jpg', 1),
(454, 397, '454.jpg', 1),
(455, 24, '455.jpg', 1),
(456, 398, '456.jpg', 1),
(457, 399, '457.jpg', 1),
(458, 351, '458.jpg', 1),
(459, 400, '459.jpg', 1),
(460, 401, '460.jpg', 1),
(461, 402, '461.jpg', 1),
(462, 403, '462.jpg', 1),
(463, 404, '463.jpg', 1),
(464, 405, '464.jpg', 1),
(465, 406, '465.jpg', 1),
(466, 407, '466.jpg', 1),
(467, 408, '467.jpg', 1),
(468, 409, '468.jpg', 1),
(469, 410, '469.jpg', 1),
(470, 411, '470.jpg', 1),
(471, 412, '471.jpg', 1),
(472, 413, '472.jpg', 1),
(473, 413, '473.jpg', 1),
(474, 414, '474.jpg', 1),
(475, 415, '475.jpg', 1),
(476, 416, '476.jpg', 1),
(477, 417, '477.jpg', 1),
(478, 418, '478.jpg', 1),
(479, 419, '479.jpg', 1),
(480, 420, '480.jpg', 1),
(481, 421, '481.jpg', 1),
(482, 422, '482.jpg', 1),
(483, 423, '483.jpg', 1),
(484, 424, '484.jpg', 1),
(485, 425, '485.jpg', 1),
(486, 426, '486.jpg', 1),
(487, 427, '487.jpg', 1),
(488, 428, '488.jpg', 1),
(489, 429, '489.jpg', 1),
(490, 430, '490.jpg', 1),
(491, 431, '491.jpg', 1),
(492, 432, '492.jpg', 1),
(493, 433, '493.jpg', 1),
(494, 434, '494.jpg', 1),
(495, 435, '495.jpg', 1),
(496, 436, '496.jpg', 1),
(497, 437, '497.jpg', 1),
(498, 438, '498.jpg', 1),
(499, 439, '499.jpg', 1),
(500, 440, '500.jpg', 1),
(501, 441, '501.jpg', 1),
(502, 442, '502.jpg', 1),
(503, 443, '503.jpg', 1),
(504, 444, '504.jpg', 1),
(505, 445, '505.jpg', 1),
(506, 446, '506.jpg', 1),
(507, 447, '507.jpg', 1),
(508, 448, '508.jpg', 1),
(509, 449, '509.jpg', 1),
(510, 450, '510.jpg', 1),
(511, 451, '511.jpg', 1),
(512, 452, '512.jpg', 1),
(513, 453, '513.jpg', 1),
(514, 454, '514.jpg', 1),
(515, 455, '515.jpg', 1),
(516, 456, '516.jpg', 1),
(517, 457, '517.jpg', 1),
(518, 458, '518.jpg', 1),
(519, 459, '519.jpg', 1),
(520, 460, '520.jpg', 1),
(521, 461, '521.jpg', 1),
(522, 462, '522.jpg', 1),
(523, 463, '523.jpg', 1),
(524, 464, '524.jpg', 1),
(525, 465, '525.jpg', 1),
(526, 466, '526.jpg', 1),
(527, 467, '527.jpg', 1),
(528, 468, '528.jpg', 1),
(529, 469, '529.jpg', 1),
(530, 470, '530.jpg', 1),
(531, 471, '531.jpg', 1),
(532, 472, '532.jpg', 1),
(533, 473, '533.jpg', 1),
(534, 474, '534.jpg', 1),
(535, 475, '535.jpg', 1),
(536, 476, '536.jpg', 1),
(537, 477, '537.jpg', 1),
(538, 478, '538.jpg', 1),
(539, 479, '539.jpg', 1),
(540, 480, '540.jpg', 1),
(541, 481, '541.jpg', 1),
(542, 482, '542.jpg', 1),
(543, 483, '543.jpg', 1),
(544, 484, '544.jpg', 1),
(545, 485, '545.jpg', 1),
(546, 486, '546.jpg', 1),
(547, 487, '547.jpg', 1),
(548, 488, '548.jpg', 1),
(549, 489, '549.jpg', 1),
(550, 490, '550.jpg', 1),
(551, 491, '551.jpg', 1),
(552, 492, '552.jpg', 1),
(553, 493, '553.jpg', 1),
(554, 494, '554.jpg', 1),
(555, 495, '555.jpg', 1),
(556, 496, '556.jpg', 1),
(557, 497, '557.jpg', 1),
(558, 498, '558.jpg', 1),
(559, 499, '559.jpg', 1),
(560, 500, '560.jpg', 1),
(561, 501, '561.jpg', 1),
(562, 502, '562.jpg', 1),
(563, 503, '563.jpg', 1),
(564, 504, '564.jpg', 1),
(565, 505, '565.jpg', 1),
(566, 506, '566.jpg', 1),
(567, 507, '567.jpg', 1),
(568, 508, '568.jpg', 1),
(569, 509, '569.jpg', 1),
(570, 510, '570.jpg', 1),
(571, 511, '571.jpg', 1),
(572, 512, '572.jpg', 1),
(573, 513, '573.jpg', 1),
(574, 514, '574.jpg', 1),
(575, 515, '575.jpg', 1),
(576, 516, '576.jpg', 1),
(577, 517, '577.jpg', 1),
(578, 518, '578.jpg', 1),
(579, 519, '579.jpg', 1),
(580, 520, '580.jpg', 1),
(581, 521, '581.jpg', 1),
(582, 522, '582.jpg', 1),
(583, 523, '583.jpg', 1),
(584, 524, '584.jpg', 1),
(585, 525, '585.jpg', 1),
(586, 526, '586.jpg', 1),
(587, 527, '587.jpg', 1),
(588, 528, '588.jpg', 1),
(589, 529, '589.jpg', 1),
(590, 530, '590.jpg', 1),
(591, 531, '591.jpg', 1),
(592, 532, '592.jpg', 1),
(593, 533, '593.jpg', 1),
(594, 534, '594.jpg', 1),
(595, 535, '595.jpg', 1),
(596, 536, '596.jpg', 1),
(597, 537, '597.jpg', 1),
(598, 538, '598.jpg', 1),
(599, 539, '599.jpg', 1),
(600, 540, '600.jpg', 1),
(601, 541, '601.jpg', 1),
(602, 542, '602.jpg', 1),
(603, 543, '603.jpg', 1),
(604, 544, '604.jpg', 1),
(605, 545, '605.jpg', 1),
(606, 546, '606.jpg', 1),
(607, 547, '607.jpg', 1),
(608, 548, '608.jpg', 1),
(609, 549, '609.jpg', 1),
(610, 550, '610.jpg', 1),
(611, 272, '611.jpg', 1),
(612, 551, '612.jpg', 1),
(613, 552, '613.jpg', 1),
(614, 553, '614.jpg', 1),
(615, 554, '615.jpg', 1),
(616, 555, '616.jpg', 1),
(617, 556, '617.jpg', 1);

-- --------------------------------------------------------

--
-- Структура таблицы `rules`
--

CREATE TABLE `rules` (
  `id` int(11) NOT NULL,
  `number` int(10) NOT NULL,
  `text` text NOT NULL,
  `status` tinyint(2) NOT NULL DEFAULT '1'
) ENGINE=MyISAM DEFAULT CHARSET=utf8;

--
-- Дамп данных таблицы `rules`
--

INSERT INTO `rules` (`id`, `number`, `text`, `status`) VALUES
(1, 1, 'Гласные А—Я в середине слова пропускают. При необходимости точно обозначить гласную А ставят внизу точку, для Я — штрих:', 1),
(2, 2, 'Знаки левого оборота Л, Р, 3 пишут на уровне конца Д, Ж, Щ', 1),
(3, 3, 'Знаки Л, Р после Ш пишут с опетлением', 1),
(4, 4, 'Если слово повторяется дважды, то его пишут только один раз, заменяя повторяющееся слово кавычками в верхней позиции.', 1),
(5, 5, 'Если в середине слова или в конце встречаются удвоенные согласные, то пишут одну из них', 1),
(6, 6, 'Ь обозначают точкой над знаком, за которым он следует. В глаголах Ь не обозначают', 1),
(7, 7, 'Заглавных букв в стенографии нет. Чтобы обозначить имя собственное, надо подчеркнуть слово короткой чертой. Подчеркивание длинной чертой показывает, что кратко записанное слово (чаще всего это бывает аббревиатура) следует читать в развернутом виде (полностью).', 1),
(8, 8, 'Если один знак поднят над строкой, то следующий большой знак ставят на строку, даже если это влечет за собой пропуск гласной, стоящей перед ним. Это правило, называемое правилом линейности, способствует строчности письма.', 1),
(9, 9, 'В середине слова Й обозначают диакритическим знаком над тем слогом, в состав которого он входит. Знак этот ставят после написания всего слова.', 1),
(10, 10, 'В конце слова й выражают загнутым влево концом той гласной, за которой он следует.', 1),
(11, 11, 'Гласные Е—Ё—Э обозначают полумерной чертой. В начале и середине слова после Е—Ё—Э все знаки поднимают на полмеры (за исключением подлинейного знака Ц, который остается на месте).', 1),
(12, 12, 'Отрицание HE в отличие от предлога НА обозначают знаком Н, поднятым на полмеры (т.е. между основной и контрольной линиями). В этой же позиции пишут слог НЕ в начале слова.', 1),
(13, 13, 'Запомните, как пишется союз НО, слог НО в начале и в конце слов, а также местоимение ОНО и сокращения: НОВЫЙ, НУЖНО, ПОЛОЖЕНИЕ.', 1),
(14, 14, 'Окончание причастия ШЕДШИЙ обозначают слогом ШЕД.\r\n', 1),
(15, 15, 'Для гласных Е—Ё—Э имеется дополнительный знак. Это черточка в 1/3 меры, которую пишут сверху вниз. Её применяют лишь после гласной, а также для глагольного окончания ЕТ, если оно следует после гласной или мягкого знака.', 1),
(16, 16, 'Дополнительный знак для Е в верхней позиции применяют для местоимения ЭТО, а также во фразеограммах с данным местоимением. Верхнюю позицию знак ЭТО не всегда сохраняет, так как он присоединяется к концу предыдущего знака.', 1),
(17, 17, 'Гласные А—Я в начале слова доводят до следующего знака, который остается на линии письма:', 1),
(18, 18, 'Кроме известных вам знаков для согласных и гласных, в стенографии имеются еще знаки для десяти сочетаний согласных, часто встречающихся в русском языке. Эти знаки называются слитными. Особенность их заключается в том, что одним знаком обозначают сразу два и даже три звука, что намного ускоряет письмо и чтение. Большинство слитных знаков начинается с буквы С.\r\n\r\nОчень важно научиться слышать слитные знаки в словах, а не только видеть их. Слитные знаки разбиты на две группы. К первой группе относятся шесть знаков, не включающих в себя гласные. Сначала надо изучить четыре знака:', 1);

-- --------------------------------------------------------

--
-- Структура таблицы `rules_examples`
--

CREATE TABLE `rules_examples` (
  `id` int(11) NOT NULL,
  `id_rule` int(10) NOT NULL,
  `id_term` int(10) NOT NULL,
  `status` tinyint(2) NOT NULL DEFAULT '1'
) ENGINE=MyISAM DEFAULT CHARSET=utf8;

--
-- Дамп данных таблицы `rules_examples`
--

INSERT INTO `rules_examples` (`id`, `id_rule`, `id_term`, `status`) VALUES
(1, 1, 1, 1),
(2, 1, 16, 1),
(3, 1, 10, 1),
(4, 1, 9, 1),
(5, 1, 11, 1),
(6, 1, 12, 1),
(7, 1, 15, 1),
(8, 2, 3, 1),
(9, 2, 4, 1),
(10, 2, 6, 1),
(11, 2, 8, 1),
(12, 2, 7, 1),
(13, 2, 5, 1),
(14, 3, 24, 1),
(15, 3, 20, 1),
(16, 3, 22, 1),
(17, 3, 26, 1),
(18, 3, 23, 1),
(19, 3, 19, 1),
(20, 8, 265, 1),
(21, 8, 248, 1),
(22, 8, 273, 1),
(23, 8, 257, 1),
(24, 8, 261, 1),
(25, 9, 272, 1),
(26, 9, 252, 1),
(27, 9, 244, 1),
(28, 9, 250, 1),
(29, 9, 271, 1),
(30, 11, 298, 1),
(31, 11, 295, 1),
(32, 11, 346, 1),
(33, 11, 299, 1),
(34, 11, 297, 1),
(35, 11, 294, 1),
(36, 11, 282, 1),
(37, 11, 293, 1),
(38, 11, 286, 1),
(39, 11, 329, 1),
(40, 11, 334, 1),
(41, 11, 306, 1),
(42, 11, 311, 1),
(43, 10, 439, 1),
(44, 10, 441, 1),
(45, 10, 440, 1),
(46, 10, 429, 1),
(47, 10, 430, 1),
(48, 10, 437, 1),
(49, 10, 438, 1),
(50, 10, 436, 1),
(51, 12, 320, 1),
(52, 12, 321, 1),
(53, 12, 319, 1),
(54, 12, 318, 1),
(55, 12, 281, 1),
(56, 12, 317, 1),
(57, 12, 280, 1),
(58, 12, 315, 1),
(59, 12, 322, 1),
(60, 12, 316, 1),
(61, 13, 91, 1),
(62, 13, 314, 1),
(63, 13, 323, 1),
(64, 13, 328, 1),
(65, 13, 324, 1),
(66, 13, 327, 1),
(67, 13, 333, 1),
(68, 13, 326, 1),
(69, 13, 325, 1),
(70, 13, 287, 1),
(71, 13, 344, 1),
(72, 13, 288, 1),
(73, 13, 337, 1),
(74, 14, 312, 1),
(75, 14, 335, 1),
(76, 14, 289, 1),
(77, 14, 341, 1),
(78, 15, 296, 1),
(79, 15, 291, 1),
(80, 15, 292, 1),
(81, 15, 305, 1),
(82, 15, 332, 1),
(83, 15, 331, 1),
(84, 15, 343, 1),
(85, 15, 342, 1),
(86, 15, 301, 1),
(87, 15, 302, 1),
(88, 15, 300, 1),
(89, 15, 340, 1),
(90, 15, 285, 1),
(91, 15, 283, 1),
(92, 15, 284, 1),
(93, 15, 309, 1),
(94, 15, 310, 1),
(95, 15, 308, 1),
(96, 16, 348, 1),
(97, 16, 347, 1),
(98, 16, 350, 1),
(99, 16, 349, 1),
(100, 16, 290, 1),
(101, 16, 313, 1),
(102, 16, 336, 1),
(103, 17, 32, 1),
(104, 17, 31, 1),
(105, 17, 30, 1),
(106, 17, 28, 1),
(107, 17, 29, 1),
(108, 17, 27, 1),
(109, 17, 59, 1),
(110, 17, 58, 1),
(111, 17, 57, 1),
(112, 17, 60, 1),
(113, 17, 62, 1),
(114, 17, 64, 1),
(115, 17, 63, 1),
(116, 17, 61, 1),
(117, 18, 552, 1),
(118, 18, 553, 1),
(119, 18, 554, 1),
(120, 18, 555, 1),
(121, 18, 118, 1),
(122, 18, 117, 1),
(123, 18, 85, 1),
(124, 18, 84, 1),
(125, 18, 124, 1),
(126, 18, 125, 1),
(127, 18, 133, 1),
(128, 18, 139, 1),
(129, 18, 67, 1),
(130, 18, 129, 1),
(131, 18, 128, 1),
(132, 18, 127, 1),
(133, 18, 65, 1),
(134, 18, 105, 1),
(135, 18, 106, 1),
(136, 18, 104, 1);

-- --------------------------------------------------------

--
-- Структура таблицы `terms`
--

CREATE TABLE `terms` (
  `id` int(11) NOT NULL,
  `name` varchar(255) NOT NULL,
  `type` tinyint(4) NOT NULL,
  `state` tinyint(4) NOT NULL DEFAULT '0',
  `status` tinyint(2) NOT NULL DEFAULT '1'
) ENGINE=MyISAM DEFAULT CHARSET=utf8;

--
-- Дамп данных таблицы `terms`
--

INSERT INTO `terms` (`id`, `name`, `type`, `state`, `status`) VALUES
(1, 'баркас', 3, 0, 1),
(2, 'работал', 3, 0, 1),
(3, 'дал', 3, 0, 1),
(4, 'дар', 3, 0, 1),
(5, 'джаз', 3, 0, 1),
(6, 'жал', 3, 0, 1),
(7, 'жар', 3, 0, 1),
(8, 'ждал', 3, 0, 1),
(9, 'канава', 3, 0, 1),
(10, 'канва', 3, 0, 1),
(11, 'маты', 3, 0, 1),
(12, 'мята', 3, 0, 1),
(13, 'нажал', 3, 0, 1),
(14, 'первый', 3, 0, 1),
(15, 'слабо', 3, 0, 1),
(16, 'сразу', 3, 0, 1),
(17, 'дальше_и_дальше', 3, 0, 1),
(18, 'дни_за_днями', 3, 0, 1),
(19, 'маршал', 3, 0, 1),
(20, 'нашла', 3, 0, 1),
(21, 'шаг_за_шагом', 3, 0, 1),
(22, 'шалаш', 3, 0, 1),
(23, 'шарфы', 3, 0, 1),
(24, 'шли', 3, 0, 1),
(25, 'шли_и_шли', 3, 0, 1),
(26, 'шрам', 3, 0, 1),
(27, 'абакан', 3, 0, 1),
(28, 'аванс', 3, 0, 1),
(29, 'агат', 3, 0, 1),
(30, 'акт', 3, 0, 1),
(31, 'Алдан', 3, 0, 1),
(32, 'армада', 3, 0, 1),
(33, 'баку', 3, 0, 1),
(34, 'балхаш', 3, 0, 1),
(35, 'бам', 3, 0, 1),
(36, 'большой', 3, 0, 1),
(37, 'брата', 3, 0, 1),
(38, 'брать', 3, 0, 1),
(39, 'братья', 3, 0, 1),
(40, 'гаммы', 3, 0, 1),
(41, 'даль', 3, 0, 1),
(42, 'дан', 3, 0, 1),
(43, 'дань', 3, 0, 1),
(44, 'дать', 3, 0, 1),
(45, 'Кама', 3, 0, 1),
(46, 'Камчатка', 3, 0, 1),
(47, 'лады', 3, 0, 1),
(48, 'ладьи', 3, 0, 1),
(49, 'льды', 3, 0, 1),
(50, 'Магадан', 3, 0, 1),
(51, 'начать', 3, 0, 1),
(52, 'пассаты', 3, 0, 1),
(53, 'ралли', 3, 0, 1),
(54, 'республика', 3, 0, 1),
(55, 'чья', 3, 0, 1),
(56, 'шасси', 3, 0, 1),
(57, 'явь', 3, 0, 1),
(58, 'яд', 3, 0, 1),
(59, 'язь', 3, 0, 1),
(60, 'як', 3, 0, 1),
(61, 'ямб', 3, 0, 1),
(62, 'ямка', 3, 0, 1),
(63, 'яхта', 3, 0, 1),
(64, 'яшма', 3, 0, 1),
(65, 'Прага', 3, 0, 1),
(66, 'абстракция', 3, 0, 1),
(67, 'астра', 3, 0, 1),
(68, 'быть', 3, 0, 1),
(69, 'выбравший', 3, 0, 1),
(70, 'говорящий', 3, 0, 1),
(71, 'год', 3, 0, 1),
(72, 'годы', 3, 0, 1),
(73, 'договор', 3, 0, 1),
(74, 'договорный', 3, 0, 1),
(75, 'дополнение', 3, 0, 1),
(76, 'доработать', 3, 0, 1),
(77, 'дошли', 3, 0, 1),
(78, 'друг', 3, 0, 1),
(79, 'другой', 3, 0, 1),
(80, 'железнодорожный', 3, 0, 1),
(81, 'железный', 3, 0, 1),
(82, 'железо', 3, 0, 1),
(83, 'здесь', 3, 0, 1),
(84, 'знаки', 3, 0, 1),
(85, 'знать', 3, 0, 1),
(86, 'значение', 3, 0, 1),
(87, 'кассация', 3, 0, 1),
(88, 'личность', 3, 0, 1),
(89, 'личный', 3, 0, 1),
(90, 'может', 3, 0, 1),
(91, 'на', 3, 0, 1),
(92, 'назначение', 3, 0, 1),
(93, 'назначили', 3, 0, 1),
(94, 'наличный', 3, 0, 1),
(95, 'наработавшийся', 3, 0, 1),
(96, 'национальность', 3, 0, 1),
(97, 'национальный', 3, 0, 1),
(98, 'нация', 3, 0, 1),
(99, 'поговори', 3, 0, 1),
(100, 'правительственный', 3, 0, 1),
(101, 'правительство', 3, 0, 1),
(102, 'проработать', 3, 0, 1),
(103, 'прошли', 3, 0, 1),
(104, 'пряжа', 3, 0, 1),
(105, 'прямо', 3, 0, 1),
(106, 'прятать', 3, 0, 1),
(107, 'работа', 3, 0, 1),
(108, 'работали', 3, 0, 1),
(109, 'работать', 3, 0, 1),
(110, 'работающий', 3, 0, 1),
(111, 'работы', 3, 0, 1),
(112, 'решавшийся', 3, 0, 1),
(113, 'решали', 3, 0, 1),
(114, 'решать', 3, 0, 1),
(115, 'решающий', 3, 0, 1),
(116, 'сельскохозяйственный', 3, 0, 1),
(117, 'снаряды', 3, 0, 1),
(118, 'сначала', 3, 0, 1),
(119, 'собрание', 3, 0, 1),
(120, 'собранность', 3, 0, 1),
(121, 'собранный', 3, 0, 1),
(122, 'сознание', 3, 0, 1),
(123, 'сомнение', 3, 0, 1),
(124, 'стаж', 3, 0, 1),
(125, 'стакан', 3, 0, 1),
(126, 'станция', 3, 0, 1),
(127, 'страны', 3, 0, 1),
(128, 'страсти', 3, 0, 1),
(129, 'страх', 3, 0, 1),
(130, 'строительства', 3, 0, 1),
(131, 'строительство', 3, 0, 1),
(132, 'строительству', 3, 0, 1),
(133, 'стяги', 3, 0, 1),
(134, 'так', 3, 0, 1),
(135, 'фабрика', 3, 0, 1),
(136, 'хозяйственный', 3, 0, 1),
(137, 'хозяйство', 3, 0, 1),
(138, 'центр', 3, 0, 1),
(139, 'часто', 3, 0, 1),
(140, 'что', 3, 0, 1),
(141, 'чтобы', 3, 0, 1),
(142, 'школа', 3, 0, 1),
(143, 'Ангара', 3, 0, 1),
(144, 'Варшава', 3, 0, 1),
(145, 'Кузбасс', 3, 0, 1),
(146, 'Кура', 3, 0, 1),
(147, 'автомобиль', 3, 0, 1),
(148, 'акваланг', 3, 0, 1),
(149, 'акр', 3, 0, 1),
(150, 'вазы', 3, 0, 1),
(151, 'вещества', 3, 0, 1),
(152, 'вещественный', 3, 0, 1),
(153, 'вещество', 3, 0, 1),
(154, 'влага', 3, 0, 1),
(155, 'во', 3, 0, 1),
(156, 'врачи', 3, 0, 1),
(157, 'вулканы', 3, 0, 1),
(158, 'вязали', 3, 0, 1),
(159, 'газы', 3, 0, 1),
(160, 'галлы', 3, 0, 1),
(161, 'гладь', 3, 0, 1),
(162, 'грань', 3, 0, 1),
(163, 'гурман', 3, 0, 1),
(164, 'каждый', 3, 0, 1),
(165, 'казаки', 3, 0, 1),
(166, 'кандидат', 3, 0, 1),
(167, 'канцелярия', 3, 0, 1),
(168, 'капитал', 3, 0, 1),
(169, 'карты', 3, 0, 1),
(170, 'класс', 3, 0, 1),
(171, 'краб', 3, 0, 1),
(172, 'кулаки', 3, 0, 1),
(173, 'культ', 3, 0, 1),
(174, 'магазин', 3, 0, 1),
(175, 'машина', 3, 0, 1),
(176, 'министерство', 3, 0, 1),
(177, 'накал', 3, 0, 1),
(178, 'народ', 3, 0, 1),
(179, 'начальник', 3, 0, 1),
(180, 'наша партия', 3, 0, 1),
(181, 'наша страна', 3, 0, 1),
(182, 'наша фабрика', 3, 0, 1),
(183, 'наше правительство', 3, 0, 1),
(184, 'наши приборы', 3, 0, 1),
(185, 'наш народ', 3, 0, 1),
(186, 'партия', 3, 0, 1),
(187, 'площадь', 3, 0, 1),
(188, 'по', 3, 0, 1),
(189, 'прибор', 3, 0, 1),
(190, 'приборный', 3, 0, 1),
(191, 'приборы', 3, 0, 1),
(192, 'прогул', 3, 0, 1),
(193, 'республики', 3, 0, 1),
(194, 'республику', 3, 0, 1),
(195, 'состязание', 3, 0, 1),
(196, 'сталь', 3, 0, 1),
(197, 'старт', 3, 0, 1),
(198, 'та', 3, 0, 1),
(199, 'тазы', 3, 0, 1),
(200, 'такая', 3, 0, 1),
(201, 'также', 3, 0, 1),
(202, 'такой', 3, 0, 1),
(203, 'такой же', 3, 0, 1),
(204, 'тара', 3, 0, 1),
(205, 'тля', 3, 0, 1),
(206, 'халва', 3, 0, 1),
(207, 'хрящ', 3, 0, 1),
(208, 'Иван', 3, 0, 1),
(209, 'Иран', 3, 0, 1),
(210, 'Истра', 3, 0, 1),
(211, 'время', 3, 0, 1),
(212, 'глава', 3, 0, 1),
(213, 'громадный', 3, 0, 1),
(214, 'жизнь', 3, 0, 1),
(215, 'игра', 3, 0, 1),
(216, 'иди', 3, 0, 1),
(217, 'избы', 3, 0, 1),
(218, 'ил', 3, 0, 1),
(219, 'им', 3, 0, 1),
(220, 'ими', 3, 0, 1),
(221, 'кисти', 3, 0, 1),
(222, 'книги', 3, 0, 1),
(223, 'кореньключ', 3, 0, 1),
(224, 'который', 3, 0, 1),
(225, 'крыло', 3, 0, 1),
(226, 'культура', 3, 0, 1),
(227, 'мил', 3, 0, 1),
(228, 'мыл', 3, 0, 1),
(229, 'окончаниеграф', 3, 0, 1),
(230, 'пили', 3, 0, 1),
(231, 'пища', 3, 0, 1),
(232, 'почва', 3, 0, 1),
(233, 'почему', 3, 0, 1),
(234, 'птица', 3, 0, 1),
(235, 'рис', 3, 0, 1),
(236, 'рысь', 3, 0, 1),
(237, 'снимать', 3, 0, 1),
(238, 'старик', 3, 0, 1),
(239, 'стиль', 3, 0, 1),
(240, 'страница', 3, 0, 1),
(241, 'стрижи', 3, 0, 1),
(242, 'характер', 3, 0, 1),
(243, 'хлеб', 3, 0, 1),
(244, 'Байкал', 3, 0, 1),
(245, 'Сибирь', 3, 0, 1),
(246, 'барабанцик', 3, 0, 1),
(247, 'библиотека', 3, 0, 1),
(248, 'битва', 3, 0, 1),
(249, 'видимо', 3, 0, 1),
(250, 'включайте', 3, 0, 1),
(251, 'выбирать', 3, 0, 1),
(252, 'выйди', 3, 0, 1),
(253, 'высокий', 3, 0, 1),
(254, 'глыба', 3, 0, 1),
(255, 'директива', 3, 0, 1),
(256, 'дисциплина', 3, 0, 1),
(257, 'жилище', 3, 0, 1),
(258, 'ибис', 3, 0, 1),
(259, 'ибо', 3, 0, 1),
(260, 'кибернетика', 3, 0, 1),
(261, 'лирика', 3, 0, 1),
(262, 'литература', 3, 0, 1),
(263, 'магистраль', 3, 0, 1),
(264, 'мысль', 3, 0, 1),
(265, 'письмо', 3, 0, 1),
(266, 'принцип', 3, 0, 1),
(267, 'природа', 3, 0, 1),
(268, 'работник', 3, 0, 1),
(269, 'система', 3, 0, 1),
(270, 'смазчик', 3, 0, 1),
(271, 'стайка', 3, 0, 1),
(272, 'тайга', 3, 0, 1),
(273, 'тираж', 3, 0, 1),
(274, 'физика', 3, 0, 1),
(275, 'химия', 3, 0, 1),
(276, 'число', 3, 0, 1),
(277, 'широкий', 3, 0, 1),
(278, 'школьник', 3, 0, 1),
(279, 'Африка', 3, 0, 1),
(280, 'Нева', 3, 0, 1),
(281, 'Неман', 3, 0, 1),
(282, 'беда', 3, 0, 1),
(283, 'ведает', 3, 0, 1),
(284, 'ведаете', 3, 0, 1),
(285, 'ведет', 3, 0, 1),
(286, 'везет', 3, 0, 1),
(287, 'видно', 3, 0, 1),
(288, 'вредно', 3, 0, 1),
(289, 'вышедший', 3, 0, 1),
(290, 'вэтом', 3, 0, 1),
(291, 'дает', 3, 0, 1),
(292, 'даете', 3, 0, 1),
(293, 'добейте', 3, 0, 1),
(294, 'егерь', 3, 0, 1),
(295, 'еда', 3, 0, 1),
(296, 'ее', 3, 0, 1),
(297, 'еж', 3, 0, 1),
(298, 'езда', 3, 0, 1),
(299, 'ель', 3, 0, 1),
(300, 'знает', 3, 0, 1),
(301, 'имеет', 3, 0, 1),
(302, 'имеете', 3, 0, 1),
(303, 'каменщик', 3, 0, 1),
(304, 'лекция', 3, 0, 1),
(305, 'льет', 3, 0, 1),
(306, 'межа', 3, 0, 1),
(307, 'мельник', 3, 0, 1),
(308, 'метает', 3, 0, 1),
(309, 'метать', 3, 0, 1),
(310, 'метет', 3, 0, 1),
(311, 'мечта', 3, 0, 1),
(312, 'нашедший', 3, 0, 1),
(313, 'наэтом', 3, 0, 1),
(314, 'не', 3, 0, 1),
(315, 'небеса', 3, 0, 1),
(316, 'негр', 3, 0, 1),
(317, 'нежность', 3, 0, 1),
(318, 'некоторый', 3, 0, 1),
(319, 'некто', 3, 0, 1),
(320, 'нес', 3, 0, 1),
(321, 'несет', 3, 0, 1),
(322, 'нечто', 3, 0, 1),
(323, 'но', 3, 0, 1),
(324, 'новый', 3, 0, 1),
(325, 'нога', 3, 0, 1),
(326, 'ночь', 3, 0, 1),
(327, 'нужно', 3, 0, 1),
(328, 'оно', 3, 0, 1),
(329, 'песня', 3, 0, 1),
(330, 'письмецо', 3, 0, 1),
(331, 'поезд', 3, 0, 1),
(332, 'поет', 3, 0, 1),
(333, 'положение', 3, 0, 1),
(334, 'пресс', 3, 0, 1),
(335, 'пришедший', 3, 0, 1),
(336, 'приэтом', 3, 0, 1),
(337, 'прочно', 3, 0, 1),
(338, 'птенчик', 3, 0, 1),
(339, 'рецепт', 3, 0, 1),
(340, 'сеет', 3, 0, 1),
(341, 'сошедший', 3, 0, 1),
(342, 'стекает', 3, 0, 1),
(343, 'стихает', 3, 0, 1),
(344, 'страшно', 3, 0, 1),
(345, 'стрела', 3, 0, 1),
(346, 'эра', 3, 0, 1),
(347, 'эта', 3, 0, 1),
(348, 'это', 3, 0, 1),
(349, 'этот', 3, 0, 1),
(350, 'эту', 3, 0, 1),
(351, 'В СССР самая большая республика — РСФСР', 4, 0, 1),
(352, 'Где ваш(е) пальто?', 4, 0, 1),
(353, 'Ваш бал - 5.', 4, 0, 1),
(354, 'бал', 3, 0, 1),
(355, 'баланс', 3, 0, 1),
(356, 'где', 3, 0, 1),
(357, 'дары', 3, 0, 1),
(358, 'дарю', 3, 0, 1),
(359, 'джазу', 3, 0, 1),
(360, 'зябко', 3, 0, 1),
(361, 'как', 3, 0, 1),
(362, 'касатка', 3, 0, 1),
(363, 'кашлял', 3, 0, 1),
(364, 'лямки', 3, 0, 1),
(365, 'мал', 3, 0, 1),
(366, 'маляры', 3, 0, 1),
(367, 'между', 3, 0, 1),
(368, 'мягчеимягче', 3, 0, 1),
(369, 'мял', 3, 0, 1),
(370, 'мясо', 3, 0, 1),
(371, 'мясу', 3, 0, 1),
(372, 'нарзан', 3, 0, 1),
(373, 'наш', 3, 0, 1),
(374, 'парад', 3, 0, 1),
(375, 'рад', 3, 0, 1),
(376, 'раньшеираньше', 3, 0, 1),
(377, 'рядзарядом', 3, 0, 1),
(378, 'сажал', 3, 0, 1),
(379, 'сама', 3, 0, 1),
(380, 'самбо', 3, 0, 1),
(381, 'слаще', 3, 0, 1),
(382, 'смято', 3, 0, 1),
(383, 'такса', 3, 0, 1),
(384, 'такси', 3, 0, 1),
(385, 'танки', 3, 0, 1),
(386, 'тягач', 3, 0, 1),
(387, 'флаги', 3, 0, 1),
(388, 'фляги', 3, 0, 1),
(389, 'хамса', 3, 0, 1),
(390, 'часзачасом', 3, 0, 1),
(391, 'чащеичаще', 3, 0, 1),
(392, 'шали', 3, 0, 1),
(393, 'шарманка', 3, 0, 1),
(394, 'шарф', 3, 0, 1),
(395, 'шарфу', 3, 0, 1),
(396, 'шкаф', 3, 0, 1),
(397, 'шланг', 3, 0, 1),
(398, 'шляпа', 3, 0, 1),
(399, 'шляпу', 3, 0, 1),
(400, 'В нашем парке сажали каштаны.', 4, 0, 1),
(401, 'Где вы нашли второй мяч?', 4, 0, 1),
(402, 'Где каналы там сады и бахчи', 4, 0, 1),
(403, 'Жатва начата раньше.', 4, 0, 1),
(404, 'Как у вас шла сдача ржи?', 4, 0, 1),
(405, 'Матч Спартака и ЦСКА начат.', 4, 0, 1),
(406, 'На параде мы шли ряд за рядом.', 4, 0, 1),
(407, 'Нам нужна марля и вата.', 4, 0, 1),
(408, 'Нас ждали в ЦК.', 4, 0, 1),
(409, 'Санки мы брали у брата.', 4, 0, 1),
(410, 'Чьи папки в шкафу?', 4, 0, 1),
(411, 'Тиражи книг Ленина громадны', 4, 0, 1),
(412, 'Директивные письма быстро написаны и посланы.', 4, 0, 1),
(413, 'Дисциплина и сознательность важны и на работе и в быту.', 4, 0, 1),
(414, 'В принципе вы с ними согласны?', 4, 0, 1),
(415, 'На центральной пристани работал сильный динамик.', 4, 0, 1),
(416, 'Капитаны нам часто писали письма.', 4, 0, 1),
(417, 'Вы говорили нам, что наш финиш здесь?', 4, 0, 1),
(418, 'Иртыш и Ангара широки и красивы.', 4, 0, 1),
(419, 'Артистам цирка дали временное жилище в Центральном парке.', 4, 0, 1),
(420, 'Мы пошли в цирк с нашей школой. ', 4, 0, 1),
(421, 'Пильщик начал работать.', 4, 0, 1),
(422, 'Европа', 3, 0, 1),
(423, 'великий', 3, 0, 1),
(424, 'врезультате', 3, 0, 1),
(425, 'демократия', 3, 0, 1),
(426, 'депутат', 3, 0, 1),
(427, 'если', 3, 0, 1),
(428, 'земля', 3, 0, 1),
(429, 'кий', 3, 0, 1),
(430, 'куй', 3, 0, 1),
(431, 'медицина', 3, 0, 1),
(432, 'металл', 3, 0, 1),
(433, 'механика', 3, 0, 1),
(434, 'нельзя', 3, 0, 1),
(435, 'нефть', 3, 0, 1),
(436, 'пай', 3, 0, 1),
(437, 'пей', 3, 0, 1),
(438, 'пой', 3, 0, 1),
(439, 'работай', 3, 0, 1),
(440, 'работой', 3, 0, 1),
(441, 'рабочий', 3, 0, 1),
(442, 'революция', 3, 0, 1),
(443, 'результат', 3, 0, 1),
(444, 'сегодня', 3, 0, 1),
(445, 'секретарь', 3, 0, 1),
(446, 'стенография', 3, 0, 1),
(447, 'человек', 3, 0, 1),
(448, 'через', 3, 0, 1),
(449, 'экономика', 3, 0, 1),
(450, 'экономия', 3, 0, 1),
(451, 'электричество(электро)', 3, 0, 1),
(452, 'энергия', 3, 0, 1),
(453, 'ай-яй', 3, 0, 1),
(454, 'ий-ый', 3, 0, 1),
(455, 'ей-эй', 3, 0, 1),
(456, 'ой', 3, 0, 1),
(457, 'уй-юй', 3, 0, 1),
(458, 'шл', 3, 0, 1),
(459, 'шр', 3, 0, 1),
(460, 'Елена', 3, 0, 1),
(461, 'Эльба', 3, 0, 1),
(462, 'алебастр', 3, 0, 1),
(463, 'белка', 3, 0, 1),
(464, 'белый', 3, 0, 1),
(465, 'бил', 3, 0, 1),
(466, 'вал', 3, 0, 1),
(467, 'вел', 3, 0, 1),
(468, 'весело', 3, 0, 1),
(469, 'веселье', 3, 0, 1),
(470, 'весло', 3, 0, 1),
(471, 'весна', 3, 0, 1),
(472, 'вести', 3, 0, 1),
(473, 'вил', 3, 0, 1),
(474, 'ежик', 3, 0, 1),
(475, 'ел', 3, 0, 1),
(476, 'ели', 3, 0, 1),
(477, 'елка', 3, 0, 1),
(478, 'или', 3, 0, 1),
(479, 'кузнец', 3, 0, 1),
(480, 'кузница', 3, 0, 1),
(481, 'кулинар', 3, 0, 1),
(482, 'марка', 3, 0, 1),
(483, 'мел', 3, 0, 1),
(484, 'мерка', 3, 0, 1),
(485, 'пестро', 3, 0, 1),
(486, 'преградить', 3, 0, 1),
(487, 'прекрасен', 3, 0, 1),
(488, 'ребро', 3, 0, 1),
(489, 'ребята', 3, 0, 1),
(490, 'режет', 3, 0, 1),
(491, 'рецензия', 3, 0, 1),
(492, 'сев', 3, 0, 1),
(493, 'семестр', 3, 0, 1),
(494, 'сестра', 3, 0, 1),
(495, 'снег', 3, 0, 1),
(496, 'стены', 3, 0, 1),
(497, 'стратег', 3, 0, 1),
(498, 'тема', 3, 0, 1),
(499, 'темень', 3, 0, 1),
(500, 'экран', 3, 0, 1),
(501, 'эхо', 3, 0, 1),
(502, 'АСУ', 3, 0, 1),
(503, 'Анапа', 3, 0, 1),
(504, 'Анна', 3, 0, 1),
(505, 'Арзамас', 3, 0, 1),
(506, 'Ашхабад', 3, 0, 1),
(507, 'ВДНХ', 3, 0, 1),
(508, 'Вахш', 3, 0, 1),
(509, 'ГТО', 3, 0, 1),
(510, 'МГУ', 3, 0, 1),
(511, 'ЦЧО', 3, 0, 1),
(512, 'Центральная Черноземная область', 3, 0, 1),
(513, 'Ялта', 3, 0, 1),
(514, 'абзац', 3, 0, 1),
(515, 'абзацзаабзацем', 3, 0, 1),
(516, 'агава', 3, 0, 1),
(517, 'азарт', 3, 0, 1),
(518, 'алмаз', 3, 0, 1),
(519, 'амальгамма', 3, 0, 1),
(520, 'аншлаг', 3, 0, 1),
(521, 'арабы', 3, 0, 1),
(522, 'арбы', 3, 0, 1),
(523, 'арка', 3, 0, 1),
(524, 'атака', 3, 0, 1),
(525, 'атаказаатакой', 3, 0, 1),
(526, 'жарчеижарче', 3, 0, 1),
(527, 'нажать', 3, 0, 1),
(528, 'наждак', 3, 0, 1),
(529, 'явка', 3, 0, 1),
(530, 'яма', 3, 0, 1),
(531, 'ярд', 3, 0, 1),
(532, 'ярко', 3, 0, 1),
(533, 'ярмарка', 3, 0, 1),
(534, 'ярчеиярче', 3, 0, 1),
(535, 'ясли', 3, 0, 1),
(536, 'Китай', 3, 0, 1),
(537, 'витамин', 3, 0, 1),
(538, 'дыра', 3, 0, 1),
(539, 'жасмин', 3, 0, 1),
(540, 'кипа', 3, 0, 1),
(541, 'кирка', 3, 0, 1),
(542, 'лыжи', 3, 0, 1),
(543, 'лыко', 3, 0, 1),
(544, 'май', 3, 0, 1),
(545, 'майка', 3, 0, 1),
(546, 'маслины', 3, 0, 1),
(547, 'мой', 3, 0, 1),
(548, 'мотив', 3, 0, 1),
(549, 'пейзаж', 3, 0, 1),
(550, 'ручей', 3, 0, 1),
(551, 'улей', 3, 0, 1),
(552, 'сн', 3, 0, 1),
(553, 'зн', 2, 0, 1),
(554, 'ст', 2, 0, 1),
(555, 'стр', 1, 0, 1),
(556, 'пр', 1, 0, 1);

-- --------------------------------------------------------

--
-- Структура таблицы `users`
--

CREATE TABLE `users` (
  `id` int(11) NOT NULL,
  `login` varchar(50) NOT NULL,
  `password` varchar(50) NOT NULL,
  `name` varchar(100) NOT NULL,
  `title` varchar(100) NOT NULL,
  `position` varchar(100) NOT NULL,
  `status` enum('0','1') NOT NULL DEFAULT '1'
) ENGINE=MyISAM DEFAULT CHARSET=utf8;

--
-- Дамп данных таблицы `users`
--

INSERT INTO `users` (`id`, `login`, `password`, `name`, `title`, `position`, `status`) VALUES
(1, 'Priymak', '123', 'Владимир', 'Приймак В.', 'admin', '1');

-- --------------------------------------------------------

--
-- Структура таблицы `visits`
--

CREATE TABLE `visits` (
  `id` int(11) NOT NULL,
  `type` varchar(50) NOT NULL,
  `date` varchar(100) NOT NULL
) ENGINE=MyISAM DEFAULT CHARSET=utf8 ROW_FORMAT=DYNAMIC;

--
-- Индексы сохранённых таблиц
--

--
-- Индексы таблицы `images`
--
ALTER TABLE `images`
  ADD PRIMARY KEY (`id`);

--
-- Индексы таблицы `rules`
--
ALTER TABLE `rules`
  ADD PRIMARY KEY (`id`);

--
-- Индексы таблицы `rules_examples`
--
ALTER TABLE `rules_examples`
  ADD PRIMARY KEY (`id`);

--
-- Индексы таблицы `terms`
--
ALTER TABLE `terms`
  ADD PRIMARY KEY (`id`);

--
-- Индексы таблицы `users`
--
ALTER TABLE `users`
  ADD PRIMARY KEY (`id`),
  ADD UNIQUE KEY `login` (`login`);

--
-- Индексы таблицы `visits`
--
ALTER TABLE `visits`
  ADD PRIMARY KEY (`id`);

--
-- AUTO_INCREMENT для сохранённых таблиц
--

--
-- AUTO_INCREMENT для таблицы `images`
--
ALTER TABLE `images`
  MODIFY `id` int(11) NOT NULL AUTO_INCREMENT, AUTO_INCREMENT=618;
--
-- AUTO_INCREMENT для таблицы `rules`
--
ALTER TABLE `rules`
  MODIFY `id` int(11) NOT NULL AUTO_INCREMENT, AUTO_INCREMENT=19;
--
-- AUTO_INCREMENT для таблицы `rules_examples`
--
ALTER TABLE `rules_examples`
  MODIFY `id` int(11) NOT NULL AUTO_INCREMENT, AUTO_INCREMENT=137;
--
-- AUTO_INCREMENT для таблицы `terms`
--
ALTER TABLE `terms`
  MODIFY `id` int(11) NOT NULL AUTO_INCREMENT, AUTO_INCREMENT=557;
--
-- AUTO_INCREMENT для таблицы `users`
--
ALTER TABLE `users`
  MODIFY `id` int(11) NOT NULL AUTO_INCREMENT, AUTO_INCREMENT=9;
--
-- AUTO_INCREMENT для таблицы `visits`
--
ALTER TABLE `visits`
  MODIFY `id` int(11) NOT NULL AUTO_INCREMENT;
/*!40101 SET CHARACTER_SET_CLIENT=@OLD_CHARACTER_SET_CLIENT */;
/*!40101 SET CHARACTER_SET_RESULTS=@OLD_CHARACTER_SET_RESULTS */;
/*!40101 SET COLLATION_CONNECTION=@OLD_COLLATION_CONNECTION */;
